feature,v_type,X_base,L_base,drift_type,shap_importance_main_model,cv_target,X_raw,X_coral,X_pca,X_drop,X_rec_coral,X_rec_pca,L_raw,L_coral,L_pca,L_drop,L_rec_coral,L_rec_pca
intraop_Na_q25,continuous,0.9658667618049249,0.9442394970854989,LOW_VARIANCE_TARGET,0.006718799897426603,0.0153,,,,,,,,,,,,
intraop_HCO3_mean,continuous,0.9971675859908185,0.9836507092719512,STABLE,0.0034554366259658335,,0.9813506232789302,-0.9741796776760747,-0.9261066198384986,0.01581696271188826,-200.0,-200.0,0.8632452482950488,-0.977925883242786,-0.9194537623978754,0.12040546097690241,-200.0,-200.0
intraop_Na_min,continuous,0.9153956449465884,0.8865596962026758,LOW_VARIANCE_TARGET,0.00938079682044996,0.0182,,,,,,,,,,,,
postop_Tprotein_intercept,continuous,0.9381818040279992,0.7384141652503791,INSUFFICIENT_CLINIC_DATA,0.0024967907016061504,,,,,,,,,,,,,
intraop_pH_q25,continuous,0.9504347663863779,0.9178634631219622,LOW_VARIANCE_TARGET,0.003958629942373447,0.0062,,,,,,,,,,,,
intraop_BEecf_q75,continuous,0.9783318359907832,0.9565343770867859,STABLE,0.002847465975150193,,0.9602298706775817,-0.9164848626045918,-0.8086727295265932,0.018101965313201518,-200.0,-200.0,0.9471490790664477,-0.9423063657370245,-0.8696325635075441,0.009385298020338162,-200.0,-200.0
postop_HR_mean_avg,continuous,0.9730185303437678,0.9741936371425521,PARTIAL_RECOVERY,0.002000322459829845,,-0.1510012570424737,0.5530858521940196,-0.02865265992623134,1.1240197873862416,62.64009914574139,10.88491488221464,-0.21353363933237346,0.5678435338881385,-0.020338251193701806,1.1877272764749256,65.78759187374845,16.265972160886907
intraop_Lact_max,continuous,0.9565228120407931,0.8474015934006812,STABLE,0.002374658874182249,,0.9393577941437559,-1.2679091811210412,-0.945557224720847,0.017165017897037282,-200.0,-200.0,0.7169911789298042,-0.6804262062686226,-1.3600599572507246,0.13041041447087698,-200.0,-200.0
preop_glu,continuous,0.2719808240500593,0.2100464951078045,PARTIAL_RECOVERY,0.0021398265102204176,,-1.4792471693721723,-0.9674477687039131,-0.48723807710314593,1.7512279934222317,29.225172427041095,56.64648440951725,-0.5028272719490059,-0.19915821561857117,-0.18709680979055188,0.7128737670568104,42.59787221294043,44.28981353346571
intraop_pH_q75,continuous,0.9394793428318814,0.9057107098747286,LOW_VARIANCE_TARGET,0.05925785087540297,0.006,,,,,,,,,,,,
intraop_pH_mean,continuous,0.9944764537324953,0.9803981738434507,LOW_VARIANCE_TARGET,0.027962396835204618,0.0059,,,,,,,,,,,,
intraop_SpO2_median,continuous,0.7482764257678626,0.5316413607187565,LOW_VARIANCE_TARGET,0.0029640754443698244,0.0114,,,,,,,,,,,,
postop_AlkPhos_avg,continuous,0.8668267894250602,0.8859285465465667,CONCEPT_RELATIONAL,0.002872322114642304,,0.3270151944215757,0.3676081968331595,-0.219907810184377,0.5398115950034845,7.5198463292219175,-101.31738733815494,0.30925118093344206,0.39936407730888923,-0.2807014458908992,0.5766773656131247,15.6262239076505,-102.30202570844831
intraop_Lact_mean,continuous,0.9935406918866108,0.8727877267551015,STABLE,0.0030990502223884418,,0.9944481570916512,-1.02935983110411,-0.5819421329955043,-0.0009074652050404808,,,0.8128289541548352,-0.5711824311292888,-1.058025725078335,0.059958772600266275,-200.0,-200.0
base_cr,continuous,0.7321397816395996,0.44028375530451225,CONCEPT_RELATIONAL,0.002593019696677921,,0.5137045297276663,0.14629759203814496,0.05595452081118191,0.21843525191193325,-168.19947076932854,-200.0,0.061204619100870494,0.010456543808917917,-0.009817332592955585,0.37907913620364175,-13.387198198291411,-18.73538923958954
intraop_pCO2_median,continuous,0.9410840376153347,0.918355447219188,STABLE,0.0025013037041409034,,0.9157606158889152,0.5576674982482894,0.39862784698147236,0.025323421726419437,-200.0,-200.0,0.9222721653167333,0.5603617901250566,0.36480031144376734,-0.003916718097545235,,
postop_PTINR_intercept,continuous,-11.197502107486459,0.8392830546755469,STABLE,0.0026027540654287,,0.22891749975605835,0.15607486727122866,-0.045134905172076634,-11.426419607242517,,,0.19289694798295542,0.13137414512549217,-0.06396757153633392,0.6463861066925914,-9.517964916087266,-39.738558248661285
postop_Albumin_intercept,continuous,0.9393444106823834,0.6636613172600601,CONCEPT_RELATIONAL,0.005465240229131538,,0.26634232988092266,0.11913045793900678,-0.18615883672345346,0.6730020808014607,-21.87391036987658,-67.23622103300248,-0.2734188139585483,-0.20716100962527517,-0.18858452814129922,0.9370801312186083,7.070665797503292,9.053044984202995
intraop_Lact_q25,continuous,0.9223134992704625,0.7680791150541911,STABLE,0.0023882831941379927,,0.9258345942796222,-0.6952531700145967,-0.5037470607526482,-0.003521095009159758,,,0.7745385646675973,-0.2655207398317252,-0.6507341755858396,-0.006459449613406165,,
intraop_pCO2_q25,continuous,0.936668243499639,0.900444457875841,STABLE,0.0026701971295610147,,0.9345328039516492,0.5839535629107371,0.5872337402422458,0.0021354395479897814,-200.0,-200.0,0.9214623582566834,0.6254640330165672,0.6145179098922647,-0.02101790038084239,,
height,continuous,0.992251662576133,0.9713371202908541,CONCEPT_RELATIONAL,0.0019534269485581997,,0.4886243780476791,0.35239559184048486,0.002059968885647301,0.5036272845284538,-27.04952459729128,-96.6120033821444,0.27437393987392955,0.19239854760096387,-0.18032731895261822,0.6969631804169245,-11.761796688302512,-65.24035581830087
postop_BUN_intercept,continuous,0.828881817951014,0.8192956483648168,STABLE,0.0054634200932414355,,0.875651487446978,0.8650778639714545,0.024209707809000447,-0.04676966949596395,,,0.9291971236190839,0.6956027132316166,0.041598617076552324,-0.10990147525426708,,
CPB_time(min),continuous,0.4772653037732648,0.2723266134147353,CONCEPT_RELATIONAL,0.019117812965764504,,-0.17461906565693175,-0.8398634052040255,-1.0598725551875487,0.6518843694301966,-102.04943863412079,-135.7991587226436,-1.0251075560866822,-1.0918478917340084,-1.222451762884992,1.2974341695014175,-5.144024815761819,-15.21034449664185
weight,continuous,0.9970315423967139,0.9892494628715345,NONLINEAR_DRIFT,0.002993238293204468,,0.7920333227190395,0.44188035708215634,-0.48670067663076044,0.2049982196776744,-170.80780808118257,-200.0,0.9580077615455137,0.5388500071291302,-0.4684555629105376,0.031241701326020777,-200.0,-200.0
postop_aPTT_intercept,continuous,0.4734940186461325,0.8610804865738728,CONCEPT_RELATIONAL,0.0022555632486855005,,0.08024024133343932,-2.6118302850525215,-1.0541472612266838,0.3932537773126932,-200.0,-200.0,-0.5725050915899177,-1.4026535032198497,-1.071888820631672,1.4335855781637905,-57.907140269451396,-34.83459492396613
intraop_SpO2_mean,continuous,0.8135792396544108,0.6950395645687937,NONLINEAR_DRIFT,0.0025248684774519894,,0.6687974282476741,0.49248794514387884,0.00968693497805373,0.14478181140673674,-121.77598925633521,-200.0,0.717930393836713,0.4958810886504389,-0.06320916797358755,-0.0228908292679193,,
intraop_HCO3_max,continuous,0.9697140246525128,0.9488972286419519,CONCEPT_RELATIONAL,0.005748302022427954,,0.8881314264728775,-1.3646989556261855,-1.4970953205867783,0.08158259817963531,-200.0,-200.0,0.8500279090469172,-1.362028921952522,-1.6274330440793863,0.09886931959503475,-200.0,-200.0
postop_HCO3_intercept,continuous,0.9614590864238802,0.7973687026558522,CONCEPT_RELATIONAL,0.0020715102981582415,,0.5037764317574558,0.29303634416563185,0.13028145640343636,0.45768265466642444,-46.045023870397465,-81.60566531109552,0.5647919061465652,0.3019345502350955,0.24186450498395307,0.2325767965092871,-113.01959604597675,-138.84764344912506
postop_CKMB_avg,continuous,0.780795047793483,0.7898756842917687,INSUFFICIENT_CLINIC_DATA,0.002371398231936767,,,,,,,,,,,,,
intraop_K_min,continuous,0.7223629481667135,0.5522303376380159,CONCEPT_RELATIONAL,0.0022519986942245835,,0.5586535207045644,-0.668872348062514,-0.592670701491727,0.16370942746214912,-200.0,-200.0,0.22066197706526136,-0.644585752865259,-0.6416011871889069,0.3315683605727545,-200.0,-200.0
preop_plt,continuous,0.21378881236123082,0.1582841335089039,PARTIAL_RECOVERY,0.002039625797582358,,-0.008267558300685263,0.08350477904805609,-0.004072743536372991,0.22205637066191608,41.32839651264318,1.8890765222399024,0.045231090933728235,0.10492653959997178,0.014190033288624004,0.11305304257517568,52.80304475357087,-27.457074076058756
postop_pO2_avg,continuous,0.6789072833194587,0.6837685516275932,LINEAR_RECOVERABLE,0.002886512750085284,,-1.942633295401389,-0.04930292731945696,-0.15510363022418572,2.6215405787208477,72.22205078380904,68.1862291084355,-2.282348693858669,-0.15583939933036706,-0.17095409730385525,2.966117245486262,71.69336605841701,71.18378748405388
postop_PTINR_avg,continuous,-12.249542854757568,0.8446518002983137,STABLE,0.0032746194957529403,,-3.3825255655015045,-2.5701244901721156,-0.5370022963041297,-8.867017289256063,,,-4.018598035048434,-2.2259186999840184,-0.4936956955979157,4.863249835346748,36.86175696825163,72.48038778166523
postop_Albumin_avg,continuous,0.9289678051456913,0.5532691629566877,CONCEPT_RELATIONAL,0.09740938761346506,,0.3003977316999207,0.05000148864862353,-0.17873677844084224,0.6285700734457706,-39.83585182136417,-76.22610912959729,-0.4410957378935303,-0.42523252175140236,-0.4018895339857975,0.994364900850218,1.5953113518552706,3.94283867765345
intraop_K_mean,continuous,0.9679473175918881,0.8814791216093337,STABLE,0.0026367294486727456,,0.9932164023234318,-0.8435401983745694,-0.7095453227618345,-0.025269084731543656,,,0.6155584885845397,-0.8453192948384056,-0.7455856250765982,0.2659206330247941,-200.0,-200.0
intraop_pCO2_q75,continuous,0.9451922608492905,0.9415550845084821,STABLE,0.0018631351925393602,,0.9544637371169219,0.5414301427046692,0.3325175055502363,-0.009271476267631362,,,0.9688943081422999,0.5641157000586992,0.22539839102071424,-0.0273392236338178,,
intraop_pO2_q25,continuous,0.9351737647596398,0.9567582540328172,STABLE,0.0037935761985330974,,0.9072558142979222,0.6579752199293851,-0.252680233401096,0.027917950461717522,-200.0,-200.0,0.9442986062114467,0.6240759224864856,-0.2044518736130927,0.012459647821370545,-200.0,-200.0
postop_pCO2_avg,continuous,0.9759543597559769,0.7993739787719016,CONCEPT_RELATIONAL,0.003905644923059669,,0.2491429079609151,0.37294059813736924,0.06583636162492001,0.7268114517950618,17.0329856348165,-25.220646411565045,0.5215033890815226,0.5132563691495844,0.10126246810167117,0.27787058969037903,-2.9679355203181332,-151.23620007720515
postop_CKMB_intercept,continuous,0.8089477084403341,0.8005394281889942,INSUFFICIENT_CLINIC_DATA,0.002777788311454428,,,,,,,,,,,,,
preop_wbc,continuous,0.33115298402253857,0.2598278504940328,CONCEPT_RELATIONAL,0.0,,-2.339829938110133,-1.9900637681006343,-1.3664550448209076,2.6709829221326715,13.095035805403976,36.44257270323635,-0.016526068709529884,0.02110768474158986,-0.04261703256084348,0.27635391920356267,13.617955395594977,-9.441141246162301
intraop_BEecf_q25,continuous,0.9790214397996432,0.9367691029643539,STABLE,0.0032547740489438505,,0.9505702993152808,-0.2877256503152763,-0.07346300461240651,0.02845114048436237,-200.0,-200.0,0.9337670044653338,-0.26000495481907193,-0.13025062059895576,0.0030020984990201116,-200.0,-200.0
intraop_pCO2_min,continuous,0.8560663147958989,0.7238309894076669,STABLE,0.0031120654663873777,,0.8789198479951229,0.6730544852286288,0.6193518283875458,-0.022853533199224008,,,0.688750243414818,0.5834683753396683,0.58673468275913,0.03508074599284883,-200.0,-200.0
intraop_BEecf_max,continuous,0.9697401337535546,0.9288362877529359,CONCEPT_RELATIONAL,0.06522634136537234,,0.8959574502659478,-1.9400096515436935,-2.0308816821415023,0.07378268348760686,-200.0,-200.0,0.8508849457988698,-1.931450756647941,-2.1233943076848467,0.07795134195406617,-200.0,-200.0
postop_Na_avg,continuous,0.7048815462190585,0.705920604910244,LOW_VARIANCE_TARGET,0.0037386571544688004,0.0197,,,,,,,,,,,,
postop_BT_mean_intercept,continuous,0.9342200600547959,0.505148356923036,LOW_VARIANCE_TARGET,0.0032385384201171247,0.0168,,,,,,,,,,,,
intraop_pO2_median,continuous,0.9385686407885189,0.9443888767871848,CONCEPT_RELATIONAL,0.0030810937453960795,,0.8615593648471664,0.2191214686393732,-0.7698888463008133,0.07700927594135243,-200.0,-200.0,0.8922229916373128,0.11552107666839673,-0.9352393728850457,0.05216588514987197,-200.0,-200.0
intraop_Glu_q75,continuous,0.9779709591769662,0.9888426890233372,STABLE,0.0018980283614717455,,0.9759034526029636,0.7429648160294374,0.4957971859274918,0.0020675065740025644,-200.0,-200.0,0.9828444568523399,0.7240783956108046,0.2976243899512865,0.005998232170997264,-200.0,-200.0
intraop_Glu_median,continuous,0.9740247784091536,0.9827685692818784,STABLE,0.0026725748202567835,,0.9538723815071796,0.752317943934429,0.5682038710570525,0.020152396901974012,-200.0,-200.0,0.9625526783089183,0.7543930654907965,0.454661958179978,0.02021589097296006,-200.0,-200.0
intraop_Glu_max,continuous,0.9438947295091569,0.9812774850476612,STABLE,0.0028649543814415024,,0.9167248608095901,0.8357101670065322,0.4832798367435951,0.027169868699566724,-200.0,-200.0,0.9858851958819409,0.8105635249267659,0.18763526620767046,-0.004607710834279688,,
intraop_pCO2_mean,continuous,0.9929613614301339,0.987418817403694,STABLE,0.0033042779488592876,,0.9844621670399297,0.6476625122076451,0.5121222596015822,0.00849919439020419,-200.0,-200.0,0.995965601917717,0.6319348499564307,0.414474816724006,-0.00854678451402302,,
intraop_BEecf_mean,continuous,0.996896157891977,0.989125097884263,STABLE,0.002483353901953547,,0.9855414896302749,-0.5972028381131551,-0.48524235066783405,0.011354668261702172,-200.0,-200.0,0.9713460448210934,-0.6241535333530688,-0.47950601655417935,0.017779053063169514,-200.0,-200.0
Age,continuous,0.5251220106179474,0.3208293251843938,PARTIAL_RECOVERY,0.001991868610701956,,-0.5108074516377439,-0.3328318014638092,-0.1996472341885389,1.0359294622556914,17.180286559897663,30.03681512944589,-0.09100749975424294,0.09784442580010233,-0.02883057386789467,0.4118368249386367,45.85600755408019,15.097466307344556
intraop_Na_max,continuous,0.8130895086046195,0.764111125680987,LOW_VARIANCE_TARGET,0.009396979050836637,0.0164,,,,,,,,,,,,
intraop_HCO3_q75,continuous,0.9782205368716596,0.9687179557651532,STABLE,0.033211904029136326,,0.9521444956804173,-1.1253133833522195,-1.2167093938848916,0.026076041191242294,-200.0,-200.0,0.8795201185188946,-1.091948767956711,-1.1426457718629752,0.08919783724625863,-200.0,-200.0
intraop_Lact_q75,continuous,0.9842880811625919,0.844145222557076,STABLE,0.0033111602985835516,,0.984485505368123,-1.4486434493339564,-0.8657358926476495,-0.00019742420553103823,,,0.7624391211316998,-0.8304431571344659,-1.325005963754451,0.08170610142537627,-200.0,-200.0
postop_AlkPhos_intercept,continuous,0.8902829061061996,0.9138816567287575,CONCEPT_RELATIONAL,0.0042674806791615765,,0.30532185319945915,0.3856740361688248,-0.29554293847321356,0.5849610529067405,13.736330405261368,-102.71876882860913,0.3422433061614035,0.10516514712586722,-0.5638564590144823,0.571638350567354,-41.47345236725895,-158.50926801474694
intraop_pO2_max,continuous,0.9146353043535961,0.9578093406250567,NONLINEAR_DRIFT,0.002530476773770713,,0.785294750652228,0.4117617035921879,-0.5013584533033577,0.1293405537013681,-200.0,-200.0,0.9502832497372408,0.5300683260894808,-0.576131799777122,0.007526090887815973,-200.0,-200.0
postop_pCO2_intercept,continuous,0.9799010453297456,0.7936754397375554,NONLINEAR_DRIFT,0.0025767473564236613,,0.44010659861493984,0.48849239706141634,0.1145835768871113,0.5397944467148058,8.96374513316188,-60.30499641279469,0.7697648080237349,0.43748322640845494,0.07180993469275043,0.023910631713820463,-200.0,-200.0
intraop_pO2_mean,continuous,0.9941919698072748,0.9968220265124205,STABLE,0.0,,0.9854011522270318,0.616481345950324,-0.3024134669898466,0.008790817580242916,-200.0,-200.0,0.9950831509995929,0.6526328499477073,-0.37134410750689306,0.0017388755128275868,-200.0,-200.0
intraop_Na_median,continuous,0.9414496710459943,0.914441281136135,LOW_VARIANCE_TARGET,0.029084705223736188,0.0145,,,,,,,,,,,,
postop_aPTT_avg,continuous,0.6742774163943612,0.8422673670749329,CONCEPT_RELATIONAL,0.0021491510042262905,,-27.10650844444167,-59.52595758811078,-37.492694524269375,27.78078586083603,-116.69737964242559,-37.38622129645956,-15.26494175259839,-38.66608984996904,-30.639054439809012,16.10720911967332,-145.28369206300627,-95.44864397664462
intraop_pH_median,continuous,0.9470109826686779,0.9201337658673107,LOW_VARIANCE_TARGET,0.0024553731193679533,0.006,,,,,,,,,,,,
postop_Cr_avg,continuous,0.9401518470904509,0.6802286746825179,CONCEPT_RELATIONAL,0.002953488369279515,,0.5427401381718865,0.15720250195332297,0.018470667325028778,0.39741170891856437,-97.01214824990623,-131.92099253278127,0.44340134533040576,0.03602564148579146,-0.03764227910547002,0.23682732935211215,-172.01380641291308,-200.0
postop_pH_intercept,continuous,0.9720513915300136,0.9567148547899017,CONCEPT_RELATIONAL,0.026259110081539125,,-0.030242867217519454,-0.05643423402975056,-0.014257118721156647,1.0022942587475332,-2.6131414585732378,1.5949157003391994,-0.039601960125775326,-0.04882716044583413,-0.014778877228829312,0.996316814915677,-0.925930405062929,2.49148488967808
intraop_pH_max,continuous,0.8711252681715679,0.8011465699121718,LOW_VARIANCE_TARGET,0.003097557777706608,0.0061,,,,,,,,,,,,
intraop_Glu_q25,continuous,0.9685142072965651,0.9862552229568105,STABLE,0.0033454106003587866,,0.9526668827121989,0.801143447171989,0.60492754133151,0.015847324584366218,-200.0,-200.0,0.9813235957502199,0.8532836377758315,0.5738409117555061,0.004931627206590572,-200.0,-200.0
intraop_K_median,continuous,0.9209984743856952,0.8165264075852803,STABLE,0.002277310389158361,,0.9277664817853858,-0.9427540255026716,-0.8092136608995737,-0.006768007399690634,,,0.6553550676875743,-0.9565250598499102,-0.9143903120870176,0.16117133989770593,-200.0,-200.0
postop_Phosphorus_avg,continuous,0.6381500934595803,0.553766080519503,STABLE,0.0029372375135538697,,0.7576543726451168,0.5400753590238059,0.000448677509546358,-0.11950427918553652,,,0.6946904213124838,0.46888528647383465,-0.004018586391715484,-0.14092434079298077,,
preop_na,continuous,0.2934086872780155,0.2371061627733272,LOW_VARIANCE_TARGET,0.0019347057892173255,0.0196,,,,,,,,,,,,
intraop_SpO2_max,ordinal,-0.09070215784144042,0.03430377705559706,LOW_VARIANCE_TARGET,0.07916334756773047,0.0,,,,,,,,,,,,
intraop_BEecf_min,continuous,0.9731335128753569,0.9153207408384333,STABLE,0.002303850039625606,,0.9394272589667843,0.22772092016033874,0.30697922295809577,0.033706253908572625,-200.0,-200.0,0.8789618042094901,0.15870956097251376,0.327491327397502,0.036358936628943184,-200.0,-200.0
postop_BEecf_avg,continuous,0.8957516912552299,0.7856325818614557,LINEAR_RECOVERABLE,0.0025262265916830753,,-0.5431535596469157,-1.3488869584263492,-0.35694879297983917,1.4389052509021456,-55.996278995734116,12.940724662053485,-3.353986963190982,-1.0973742746175055,-0.37542957336054483,4.139619545052438,54.512562423049715,71.95244290964683
intraop_Glu_mean,continuous,0.9978720113876722,0.9993402649183585,STABLE,0.05832048130917556,,0.9961175542982728,0.7925368859602673,0.5982513539617397,0.0017544570893994749,-200.0,-200.0,0.9986924277595864,0.806775481568014,0.4913631894772612,0.0006478371587720355,-200.0,-200.0
postop_BUN_avg,continuous,0.8535015656310273,0.8067246468270034,STABLE,0.023778725842050326,,0.8743607540168999,0.7716351303507442,0.060174190365098856,-0.02085918838587264,,,0.9551302301443494,0.7400625799666402,0.07816013160516866,-0.148405583317346,,
postop_Hb_avg,continuous,0.833049607088016,0.7837909092957102,CONCEPT_RELATIONAL,0.004033056521243399,,-7.777843691991402,-11.500302134559838,-11.329399974052636,8.610893299079418,-43.22964311921506,-41.244922666048225,-8.158944095021507,-11.708178618581833,-11.829500340925716,8.942735004317218,-39.68846803407334,-41.045119240726706
postop_HR_mean_intercept,continuous,0.9716742577158248,0.974180175326532,PARTIAL_RECOVERY,0.03664194615086877,,0.16662207541912144,0.5904057521517614,-0.01556700867917793,0.8050521822967034,52.64052269551562,-22.630717375181682,0.18447693048203984,0.6037672749563789,-0.003019209808232004,0.7897032448444922,53.09467160121717,-23.74260730398714
intraop_Glu_min,continuous,0.872266408195157,0.976419122243674,STABLE,0.002592479246060083,,0.8473820721726544,0.7136110047247647,0.5576591882551293,0.024884336022502618,-200.0,-200.0,0.966551360499557,0.8557610206267994,0.5668324350264631,0.009867761744116965,-200.0,-200.0
intraop_BEecf_median,continuous,0.9785275237304407,0.952975645972092,STABLE,0.010432600912403292,,0.9665312874125052,-0.5054230173716101,-0.3838447222793764,0.01199623631793556,-200.0,-200.0,0.9324536626007573,-0.5100934948966602,-0.3867035556338163,0.020521983371334596,-200.0,-200.0
intraop_K_q25,continuous,0.8942289252214722,0.8286303502830343,STABLE,0.008525198621651098,,0.8949978717257463,-1.1997197753769102,-1.1021191669465362,-0.0007689465042740595,,,0.7442363843123196,-1.1684093839015017,-1.1066753152357598,0.08439396597071469,-200.0,-200.0
intraop_HCO3_min,continuous,0.9746760084558824,0.9474482889047462,CONCEPT_RELATIONAL,0.003238671916217247,,0.8894466296697504,-0.1979045349485058,-0.16095317099037243,0.08522937878613202,-200.0,-200.0,0.7946204695621388,-0.1948631406313388,6.312627073745691e-05,0.15282781934260736,-200.0,-200.0
postop_Phosphorus_intercept,continuous,0.5805808615315391,0.49759233734918173,STABLE,0.015931826745574043,,0.8304523899369683,0.518461332839821,0.07497252958047129,-0.24987152840542926,,,0.713420845099934,0.4756499020981342,0.07079687311933824,-0.21582850775075224,,
postop_Lact_avg,continuous,0.8801144550440825,0.8303216638949766,PARTIAL_RECOVERY,0.038728813923820125,,-1.0803005069296763,0.05942371060368412,-0.025385648621571777,1.9604149619737588,58.13688630420768,53.81079408035171,-1.705578836500543,0.05108342919308506,-0.0642107288929854,2.5359005003955195,69.2717346528243,64.72525666332558
intraop_pCO2_max,continuous,0.8866927855649712,0.9134879713551445,STABLE,0.025031947181166643,,0.899590985513057,0.5213509925657553,0.19648682404182705,-0.012898199948085831,,,0.9391199875416546,0.5058779791237562,-0.03394886797215113,-0.02563201618651012,,
postop_pO2_intercept,continuous,0.6670255013405815,0.6791446876159879,CONCEPT_RELATIONAL,0.002940316058775279,,-1.921133166650483,-2.2930054970645197,-2.4686792869398877,2.588158667991064,-14.368219963217522,-21.155817340766497,-1.6161859042989182,-2.1119064063639534,-2.4539235008067135,2.2953305919149063,-21.596910868140988,-36.49747010119806
postop_HCO3_avg,continuous,0.9703474711342089,0.8205415327837078,CONCEPT_RELATIONAL,0.006228310195059203,,0.2939625150510873,-1.6394460762170913,-1.6304421879917768,0.6763849560831217,-200.0,-200.0,-0.32538933497986977,-1.282070499984957,-1.2195308200437966,1.1459308677635776,-83.48506807152913,-78.02752419166018
intraop_K_q75,continuous,0.946325169377981,0.7232099650658366,STABLE,0.0024864645696740487,,0.9599526844515571,-0.32288256659022285,-0.2964476876883173,-0.01362751507357618,,,0.3235315550609148,-0.5155086262808204,-0.4565256255423491,0.39967841000492177,-200.0,-195.17120792030224
intraop_K_max,continuous,0.9293150586871438,0.6979511488432182,CONCEPT_RELATIONAL,0.0029349657853875726,,0.8608031993372794,0.23449440044135528,0.12250961701724083,0.06851185934986437,-200.0,-200.0,0.4680586047568599,-0.05211043089158718,-0.1098371664947595,0.22989254408635829,-200.0,-200.0
postop_Lact_intercept,continuous,0.8617995219424464,0.8218022441067163,CONCEPT_RELATIONAL,0.0025664721198797313,,0.023471349051645607,0.11566964661472912,-0.04103016498243939,0.8383281728908007,10.997876552944273,-7.694064940185048,0.03632152009222611,0.12129459840952106,-0.04948588569348211,0.7854807240144902,10.817971176047267,-10.92418988300027
intraop_MBP_mean,continuous,0.3425901588664513,0.24124889159953444,CONCEPT_RELATIONAL,0.021210956724122845,,-0.12394014013536747,-0.1753155224826115,-0.2463311437958695,0.46653029900181875,-11.012228457008266,-26.234309737731504,-0.10392523223086325,-0.23932674114679986,-0.09152662570465853,0.3451741238303977,-39.22701603856798,3.5919860934583894
intraop_Na_q75,continuous,0.9029357406817264,0.8570358898494262,LOW_VARIANCE_TARGET,0.0026918439393711275,0.0149,,,,,,,,,,,,
intraop_pO2_min,continuous,0.8718997527166966,0.9273867065084407,NONLINEAR_DRIFT,0.02261296947903276,,0.7204003522245132,0.4285426476382904,-0.4795305149772384,0.15149940049218347,-192.64611189090544,-200.0,0.9128211478252162,0.4453010863245409,-0.2600953486181552,0.014565558683224511,-200.0,-200.0
postop_Tprotein_avg,continuous,0.9342816746626892,0.7033466322492189,INSUFFICIENT_CLINIC_DATA,0.0030423227233428033,,,,,,,,,,,,,
postop_Cr_intercept,continuous,0.9327847516415847,0.6673174488645854,CONCEPT_RELATIONAL,0.002641042832820285,,0.2531829074905205,0.08157745179202636,0.04696502281677917,0.6796018441510642,-25.250881405841085,-30.343926587094806,0.1517412175098959,0.015800541888715047,0.0014441392894559701,0.5155762313546896,-26.366746051111257,-29.15128143621566
intraop_pO2_q75,continuous,0.9562824565177981,0.9654311311414551,NONLINEAR_DRIFT,0.0020832909118187045,,0.8701205358535458,0.20390313417221007,-0.863070462365825,0.08616192066425232,-200.0,-200.0,0.9614971944575033,0.2788386418342611,-0.8470483697422335,0.003933936683951811,-200.0,-200.0
intraop_Lact_min,continuous,0.7463254348247508,0.6823859321187445,STABLE,0.0019633415370441435,,0.8633560592175442,0.1334947106083736,-0.032184915787542234,-0.11703062439279344,,,0.7559300853497812,0.3574156998454583,0.028289980210355448,-0.07354415323103669,,
intraop_Lact_median,continuous,0.9490121211849301,0.8536224408170194,STABLE,0.0026992736231058923,,0.9457268573160341,-1.311997942942897,-0.8208724571863173,0.003285263868895938,-200.0,-200.0,0.7851762406115994,-0.8388810148799184,-1.2067998232315627,0.06844620020542003,-200.0,-200.0
preop_Ca,continuous,0.200591199667695,0.1438240837356115,CONCEPT_RELATIONAL,0.001880155945304929,,-0.08320674054524635,-0.046846884789689236,-0.024825316162756517,0.28379794021294136,12.81188148450807,20.57147572624546,-0.0259100277889861,-0.022675591583152688,-0.010770189935063401,0.1697341115245976,1.9055899705609165,8.91973788764827
intraop_SpO2_min,continuous,0.7120014905042806,0.5623360237916271,NONLINEAR_DRIFT,0.0031721103435210507,,0.5870980924355906,0.44994507739880074,-0.011341912435383072,0.12490339806869,-109.80727278641633,-200.0,0.6402314684989054,0.4771110127581556,-0.004142461462028235,-0.07789544470727838,,
postop_BEecf_intercept,continuous,0.895229887797356,0.728106826706304,PARTIAL_RECOVERY,0.0029337023699525107,,0.42086282128200203,-0.12011558770465536,-0.06707072737128672,0.474367066515354,-114.04215156853587,-102.85991231170253,-0.6690743137835669,-0.07487777346910462,-0.1408681821394624,1.3971811404898709,42.52823940252506,37.8051289368899
postop_Hb_intercept,continuous,0.81796821632058,0.7830671902594573,CONCEPT_RELATIONAL,0.0032804005026511973,,-0.1364510408324473,-0.08403746577041837,-0.3057531897895134,0.9544192571530273,5.49167199521679,-17.738760789685212,-0.13225041201690413,-0.14876895140937862,-0.3716217560273267,0.9153176022763614,-1.8046784363584285,-26.151725195179775
BMI,continuous,0.9967698625978765,0.9850205174516047,NONLINEAR_DRIFT,0.002729104578204116,,0.7200990555355243,0.3649735970146335,-0.43686951154269393,0.27667080706235214,-128.35667857102743,-200.0,0.962172559764647,0.6054551929841423,-0.4364114000882193,0.022847957686957687,-200.0,-200.0
postop_BT_mean_avg,continuous,0.9257685678178694,0.614651465767609,LOW_VARIANCE_TARGET,0.0025403638286860064,0.0095,,,,,,,,,,,,
intraop_HCO3_median,continuous,0.9754186833436388,0.9622385209431137,STABLE,0.003203345093547121,,0.9418901514820738,-0.8756364489694528,-0.7887060051157364,0.033528531861565014,-200.0,-200.0,0.838030548986144,-0.854866880623788,-0.7944028733642725,0.12420797195696964,-200.0,-200.0
postop_Na_intercept,continuous,0.7538608693272917,0.725140712626416,CONCEPT_RELATIONAL,0.002959534908264421,,0.03745675337549248,0.10305078373210519,0.06740476006875384,0.7164041159517992,9.156009701237672,4.180323092291713,-0.006570277274332348,0.12365405258300366,0.10033910889588094,0.7317109899007483,17.797235746725637,14.610876103516613
intraop_pH_min,continuous,0.9058072285746585,0.8332972201838535,LOW_VARIANCE_TARGET,0.0027087151347870283,0.0083,,,,,,,,,,,,
postop_pH_avg,continuous,0.9698613384781865,0.9578335146130286,CONCEPT_RELATIONAL,0.0027027244972940485,,-0.025097616768766873,-0.06706652567572169,-0.020312911818863855,0.9949589552469533,-4.218154797806503,0.48089470672842305,-0.04123647568222144,-0.0561898419996536,-0.018395392805391708,0.99906999029525,-1.4967286038701921,2.286234507962713
intraop_HCO3_q25,continuous,0.9780923399993118,0.9606131927556552,CONCEPT_RELATIONAL,0.018441309797486958,,0.9219800657935431,-0.7727121310965861,-0.7434608167590235,0.0561122742057687,-200.0,-200.0,0.7619023568030192,-0.8139956741322594,-0.7030751520706504,0.19871083595263594,-200.0,-200.0
