X00,X01,X02,X03,X04,X05,X06,X07,X08,X09,X10,X11,X12,X13,X14,X15,X16,X17,X18,X19,F3_00,F3_01,F3_02,F3_03,F3_04,F3_05,F3_06,F3_07,F3_08,F3_09,FA_00,FA_01,FA_02,FA_03,FA_04,FA_05,FA_06,FA_07,FA_08,FA_09,N00,N01,N02,N03,N04,N05,N06,N07,N08,N09,target
0.7493853,0.31635737,1.744596,-1.6049157,-1.4681437,-1.2005494,2.1192925,0.087587975,-0.06801885,0.55547166,-0.9634037,-0.18032147,-0.7100456,0.5405973,-1.3010283,0.4330273,1.0606103,-0.11715218,0.66053194,-1.2916925,0.37624222,-0.25736886,-0.35769376,0.98702747,-0.5144994,-1.0909655,-0.16299614,0.16181728,-0.0932705,-0.56352264,0.078318365,-0.3062377,0.023687234,1.0286157,-0.2960347,-0.23038384,0.3561646,0.68971545,0.08950941,0.28702632,0.011418106,-0.6166965,-1.3873559,1.4103063,-2.5798697,-0.52992666,0.2324208,0.07027725,2.8064742,0.13186331,0
0.3094964,-0.7801282,-0.2980868,-1.4114991,-0.48298103,0.84123343,-0.80472136,0.025181355,-0.5084666,0.19313912,0.34929094,0.5911884,0.31224594,0.73683375,0.5826748,0.23476805,-0.5141122,-3.0736887,-0.31612727,-0.84923095,-0.7511898,-0.544079,0.28167295,-0.023977928,0.33059216,-0.8924124,0.55606157,-1.7291033,-1.2203549,-0.39245886,-0.16611466,-0.032172523,-0.20124179,-0.26390147,0.10623946,0.7066709,-0.03215678,-0.22022708,-0.40553412,-0.6826703,-0.82507145,-0.4468276,-0.6739052,-0.9830404,2.3030715,2.0834885,2.1611626,-1.5490143,-1.292897,-0.62261057,0
0.79679847,-2.7373927,1.0511315,-1.8639531,0.41851097,-0.16473368,0.49266702,0.87029195,2.6112087,1.3717709,1.0585979,1.4453375,0.029293975,0.08065443,-0.65657264,0.3607953,1.1129798,-0.019315045,-0.0006460787,-0.6817453,0.38634828,-0.021912202,1.0023246,0.4595527,0.48814595,-1.1119664,0.37701392,-0.54197186,0.47912166,0.0874471,-0.28704706,0.2709833,-0.30896848,-0.52325624,1.9765542,-0.18457635,0.33516404,0.45312357,1.4834025,-0.20211446,-1.0774549,-0.633625,0.61886925,0.8650306,0.8053341,2.841923,0.3124005,0.6206806,0.7053617,-0.82957846,1
3.0946834,-0.981387,0.7859722,-0.19847682,0.46320754,-1.2733657,0.15155424,-0.6170796,1.7006333,0.7758377,-0.2801704,-0.7239377,-0.56598604,0.5015247,-0.94713634,2.0421116,-1.0517226,-0.6611515,-0.80871975,-1.5576161,1.5176711,-0.48697227,0.2711157,1.1206658,-0.579762,-0.2987198,0.09589919,-0.75513846,-0.42105687,0.23886919,-0.038966183,-0.24307813,-0.24256346,2.13731,-0.040402558,-0.36723608,0.80379516,1.4722183,0.027318358,-0.16158552,-2.8365881,0.955188,1.0531421,-0.21243253,-0.6733601,0.2611259,-0.6947189,-0.77033895,0.6697042,0.038663555,1
1.8905534,-1.8104441,1.6207407,0.031763118,-1.8969283,-0.60546565,-0.06521373,1.2310178,-0.6936169,-0.33597434,-1.5557238,1.2186388,-1.3545856,0.19734487,-0.07542671,0.33742142,0.5986457,1.0271744,0.005553577,-1.8719718,1.4947214,-0.6775729,-0.18777914,0.9443897,-0.15436302,-0.8665798,-0.6303553,0.034776103,1.0193795,-1.2300156,0.2777461,-0.13755758,-0.24810405,0.23876458,-0.3077801,-0.31992462,0.4289583,2.379144,0.6688403,-0.21898279,1.3306895,-0.33789653,-0.029005349,0.55142677,-0.69480807,2.637365,-0.63887423,0.5075535,0.7453909,1.9639505,1
3.0492303,-1.6453768,1.2310734,-0.31838188,0.7273579,-0.045907173,-0.5142673,0.8535303,-3.2963867,-0.3874835,-0.021074984,0.31622213,-0.37788936,-1.7676401,0.37826347,-1.4837326,0.57333463,0.3184857,-0.06297576,1.577168,1.3801099,0.7668288,0.82542855,1.4165757,0.31076145,-0.370414,-1.0094868,-0.19518839,0.34692973,-0.22959077,-0.053990297,-0.048171364,1.2931596,-0.103482,-0.17906785,-0.1510243,-0.005308689,0.0022152616,0.07823735,-0.049022976,-0.16770574,-0.21063764,1.4751477,0.7700276,-0.57201666,-2.2300131,1.8242978,-0.32085934,-0.09400271,-0.26985922,1
2.628129,-2.0847092,-2.5915775,1.3331383,2.2409136,-0.5481479,0.27767646,-1.0100528,-0.9329553,2.9008482,0.38593608,0.039820172,0.064506434,-1.1469506,0.4675307,2.1981752,1.4493431,-0.5281218,-0.7285142,0.6952748,1.5115114,1.2985486,0.43233398,0.9877464,-0.77408737,0.27224872,-0.624495,-0.7736606,-0.37699682,2.1314754,-0.11173588,-0.19735256,0.082751125,0.57389945,0.23912193,0.83923745,0.8520582,0.06304538,0.6501489,-0.17378584,0.8582324,-0.34156758,-0.01753165,-0.016108448,-0.13134561,-0.052044485,2.2151647,-1.681906,-0.957027,-0.23033808,1
1.5163481,-1.1367872,-1.0887164,0.7968297,0.03831163,-0.04204839,0.008537441,0.38478547,-1.334735,-1.0799022,-2.5744112,0.30459827,1.1354866,0.90739983,-0.05979818,-1.3890914,-0.39564672,-0.6701218,0.25582847,-0.31558508,0.18204752,-0.5253229,-0.97094387,0.8744132,-0.82952756,-0.0023359335,-0.26889318,-0.4870876,-0.07764688,-0.5961891,-0.28686976,0.047412004,0.9742559,-0.40886644,0.486269,3.0621827,0.94762564,-0.13303185,-0.34156218,-0.120357275,2.1689832,0.13948502,0.9769168,-0.49076983,1.5991026,-0.68624914,-0.7351171,-2.1916752,0.28621352,-0.43974537,0
1.9073701,-1.4447888,-1.9472278,1.6756113,-1.3806267,-0.8937303,-0.8848254,-0.5932638,0.98208237,0.3608405,-0.49316594,0.4759998,1.3224949,0.32739335,0.2935389,0.84760696,-0.9039002,2.7954679,1.2134464,-0.6100516,2.4133267,-0.35663444,-0.06518016,1.3661249,-1.0279247,-0.21998046,0.34465337,1.762181,1.2832925,-0.9840384,0.7580003,-0.21639675,-0.29179496,0.4765083,0.40926558,-0.2538923,0.76892257,1.3557477,2.5689354,0.36070716,1.570402,1.3371792,0.86720246,0.24752188,-1.720791,-1.3433695,1.4302024,-0.17918585,-0.5417481,0.48311797,1
2.059225,-3.0987713,0.45682496,0.0020962826,0.38276538,-0.45633975,1.2384459,-0.9438735,1.5548148,-0.41540587,-1.856418,-0.5002938,1.0714326,-1.4619544,-1.4748703,0.38338044,-1.0017833,-0.45629412,-0.64835477,0.6768516,0.87570626,0.037538357,-0.55733556,0.9474574,-0.46021962,-0.8113809,-0.8902839,-0.9555817,-0.4802458,-0.58035547,0.7995785,-0.27157393,0.41898793,-0.044994064,0.5756116,0.47788668,0.33611822,0.72973555,-0.33318686,-0.02533912,-0.031685084,0.7509238,0.97414714,-0.49911913,2.9235265,-1.5329871,-0.87403744,0.857489,-0.9865604,0.10658112,1
1.2400244,0.19709218,-2.293604,1.4286892,0.7685579,0.12082321,0.43589416,-0.50824577,-1.2659875,1.7083389,-0.14274845,-1.1923554,0.25224933,0.1880097,1.0849732,-0.5933661,-0.92412245,-1.1253109,-0.8783863,0.7027716,-0.024115214,-0.07082185,0.08736797,0.34591496,-0.6742791,0.977194,0.12428922,-0.6920905,-0.7802608,1.0632973,-0.3095354,0.3868385,0.2104198,0.32377943,0.47645402,2.639566,-0.087456405,-0.07406752,-0.23007199,-0.08958642,-0.07210877,0.037125148,-1.5131413,-0.36800036,-1.7082951,0.440385,0.6296475,-1.0221529,1.4329078,-0.87905234,0
1.9485322,-0.16356212,0.61365014,-0.5494139,2.3274953,-0.13658926,-2.0161421,0.81673175,-0.51394403,-0.29654273,-0.24397433,0.33063707,-0.7138845,-0.39482215,-0.00392961,1.5549153,-0.86394787,-0.6020245,0.9358206,0.63244116,1.0020065,0.20969668,0.50575006,1.1343447,0.021588987,0.17223431,-0.34946194,0.0038312192,-0.04839942,0.9408284,-0.0041321735,0.2139072,-0.3231867,1.4330388,-0.036025714,-0.33731052,2.0018704,0.3066015,-0.12762234,-0.3769979,-0.8713449,-0.62071776,1.2555193,0.52597076,-2.0368326,1.7688235,0.7916972,-0.26721063,-0.8377354,1.4451582,1
1.6605668,-1.7474358,1.4562278,-0.0433021,0.07132765,0.05423049,0.102709524,0.8316252,-0.4013301,-2.3340688,-0.36226586,-0.06557885,0.061643664,-0.6443871,-1.8570921,0.6158401,0.7391983,-1.6849637,-0.2526849,-0.852081,0.08887016,-0.107207276,0.39665154,0.7722642,0.44570336,-0.4718529,-0.40620288,-1.2496654,-0.51080817,-1.1001652,-0.17938691,-0.3191869,-0.27373716,-0.3380392,-0.38940337,-0.14393781,-0.13207032,-0.16322507,-0.21660814,0.727591,1.0440128,-0.8411587,-0.13624452,-1.6726853,0.11823064,0.44032323,0.00016602913,1.5985764,1.4479809,0.28012323,1
1.7827458,-1.3904139,-2.1348083,1.1419951,0.41877732,-0.31172425,-1.18694,-1.1968539,-0.34298387,-1.9289632,1.7061256,-0.7156802,-0.04183966,-0.38047162,0.2767715,1.0846034,-2.659919,0.69479793,-0.10373702,1.1541756,1.4333197,-0.24934895,0.65748274,0.60673696,-0.33771712,0.0703954,0.2607423,0.09326179,-0.134611,-0.6889996,-0.18844469,-0.2648513,0.19441871,1.7917094,-0.0033126106,0.42743784,-0.19010022,0.54009765,0.15826428,-0.054330237,0.9997992,-1.2175812,1.6928724,-0.46914646,0.03671445,-0.49531507,-2.3798718,-1.8343313,-1.0378358,-0.68194896,1
1.9000639,-2.5575671,-1.7225709,1.1993005,0.8182386,-0.19560727,0.750159,-0.6147403,1.2807294,-0.28162578,-0.78413725,0.16515604,-0.14772221,0.44585028,-0.60165447,-0.12085675,2.5055091,0.9433198,-0.23627554,0.18586065,1.338706,0.83767563,-0.12830797,0.97471964,-0.71253175,-0.26061648,-0.0652911,-0.1623347,0.3458021,-0.24155538,-0.32314476,0.80578566,0.1660095,0.04312485,2.2067916,1.6509879,0.444818,-0.21473722,0.4241839,0.3630944,-1.5936527,-0.3780603,1.8259022,-1.05291,0.42671978,-0.7813465,-1.2992184,0.97973263,-0.24559414,-1.1654298,1
0.3659159,0.48910797,-0.23416273,1.0547204,0.9823695,0.59618276,0.96627957,0.9896842,2.6130362,0.43040812,0.49641386,-1.9692825,-0.3602775,-1.0759127,0.4230269,0.86374307,0.56463003,-1.3548565,0.98904985,0.6604413,-0.11135676,0.8008295,0.65508646,0.7183165,0.31101987,0.9351875,-0.61108255,-0.40307742,-0.65134305,0.73750556,-0.22239468,0.32614657,-0.33048838,-0.07203752,1.6651005,-0.2802791,-0.26048666,-0.091391355,-0.29915002,0.72703403,-1.89436,0.25058365,-0.30158904,0.23590899,-1.8401643,0.681041,-0.9011725,0.85308117,-0.5253268,-0.58454716,0
1.49513,-2.1386232,0.18597148,0.48477635,1.1158497,-0.55048925,-0.41865435,-0.77266765,0.45036662,-0.13587046,-0.05834731,-0.6268335,0.5401763,0.8699969,1.0611053,-1.927657,0.36428267,0.6883259,0.044349384,0.49824268,0.66426873,-0.022416253,0.08586285,0.7106442,-0.14726096,-0.28074887,0.5770999,-0.044028893,-0.015693715,0.14650038,0.24212624,0.08048163,0.7858805,-0.38615334,1.295887,1.5106412,0.42330527,-0.29555184,0.74709177,0.34166092,0.41925842,0.2608116,-0.18435359,1.2029505,1.3678207,2.088588,0.5875444,1.0741894,1.3789184,0.65209144,1
2.6672115,-0.2999363,1.5521325,1.7665102,1.1283624,0.31541455,0.5126899,0.34195563,1.122207,0.2870764,0.67168564,-0.15929727,-0.124075875,0.57544327,-0.3473133,-0.7952513,-0.08497951,0.42056033,-0.38331816,1.7977388,1.5011157,0.63622224,0.876475,1.2318193,0.83017725,0.91814965,0.47442287,0.048318762,0.1786108,0.5831285,-0.09293329,-0.26383427,0.8515023,0.004236969,0.457199,-0.15315908,-0.3094957,-0.19530413,0.07030758,0.3195413,-1.7029204,-0.06432049,-1.3458452,-1.3014553,1.5929652,-2.504254,1.5870222,-1.748661,0.7142693,-2.1358538,1
1.483313,-1.9230332,3.8317535,-0.29753843,1.883967,0.5006881,0.5597158,-0.66077125,0.24453823,-0.74971116,0.7753357,-0.09752957,0.038209226,2.0160081,-1.3201435,-1.4521412,-0.42861047,0.6131091,1.3727678,-0.42702055,0.6531259,-0.62066823,0.43322697,1.4250947,1.8038459,-0.3571937,1.4748302,0.37046793,0.1038144,0.16207394,-0.08996556,-0.28091052,1.6640632,-0.045524992,-0.15606473,-0.38025257,1.3403778,0.36752224,0.6689407,0.27718997,-1.1942079,2.6256056,-0.597941,-0.899365,1.5631121,-0.15382011,-0.43524587,-0.7997765,1.2216333,0.19467093,1
2.4371862,-1.6639414,0.018484427,-1.816339,-1.3779773,0.658608,1.2642534,1.002345,0.60630345,-2.6921003,-0.68860173,-1.4421462,0.019907556,-0.18606481,1.3264822,1.9388865,1.1504397,0.40836155,1.3487308,-0.3291195,1.8319181,0.53861374,0.29646486,2.2375255,0.22272968,-1.373842,-0.4239177,0.35896382,-0.10688092,-1.5307692,-0.2743046,-0.21030295,0.017041117,0.55865943,0.117319144,-0.20412458,-0.17364222,0.30275318,-0.16681352,-0.26970917,0.32211053,0.4560346,-0.5207843,0.9854367,-1.4504937,0.6180835,0.16642013,-0.1108529,-0.42587367,0.619692,1
2.5364587,-1.5949833,0.5092803,1.0548307,0.4383135,-0.49427047,0.24739142,1.0116149,1.2562555,2.6613708,0.7413369,0.48438188,-0.9376457,-0.31159964,-1.5650231,2.0348408,-0.14709805,-1.2235535,0.11087705,0.07005189,0.9937325,0.34320766,1.2244123,1.4778832,0.12279663,-0.038384713,-0.18336493,-0.87426317,-0.3035169,0.7936004,0.2931805,-0.2677985,-0.16297671,0.7755064,-0.007883366,-0.15794441,0.2159272,0.27755103,0.6882301,-0.3857558,1.4490999,-0.5422712,-1.1090046,-0.824976,0.48851332,-0.98014915,-0.047100376,0.36305857,0.27153623,-0.97403115,1
2.1912725,-0.52027756,0.8879044,-0.017559044,0.36018458,-1.2022569,-1.7840942,-0.2429766,-0.35408217,-1.4260257,1.19183,0.120814145,-0.24109453,0.3045071,1.1103585,-2.0085714,0.81856424,0.24351709,0.56190044,0.76513875,0.7992946,0.24237423,0.9310793,1.0314331,-0.19251823,-0.09824331,0.49427867,0.24103433,0.07279271,-0.3912203,1.3470494,-0.28006503,-0.26806146,0.053245462,0.45098034,0.07606681,-0.04190225,-0.40606022,1.4089499,1.9554756,0.30848232,-0.41873458,-0.49851066,-1.0761765,0.33852562,0.9874112,0.25320014,1.0901424,1.2218753,1.3336632,1
0.4453448,0.25542855,1.37043,1.4568673,-0.9413031,0.41834018,-0.8786936,-1.0648584,1.7319275,-0.6350134,0.50626355,-0.12648755,0.5908979,-0.3648625,0.61790437,1.0313096,-2.8520145,-0.1471412,-0.98700696,1.7213804,0.42127714,-0.3488659,0.010287446,-0.29518518,0.80655783,0.66766757,0.03565805,-0.30978218,-0.27962726,-0.56869346,0.17124377,-0.34397095,-0.10852253,0.9672565,-0.2927409,-0.29673266,-0.2366441,2.170545,-0.029650018,0.019745922,0.66582984,1.120423,-0.89386547,0.005908776,0.14494503,0.5443141,-0.56239814,0.19958544,-0.34476602,0.058198933,0
2.3146448,-0.8868593,1.2541411,0.39452422,-0.6175786,1.0974972,2.1061113,1.0441675,1.3922,0.058776945,-0.3974811,0.92570776,-0.37629357,-0.021644525,-0.3982833,-1.1480801,0.5951735,-0.055756144,-0.08910712,1.805244,0.9028382,0.8257396,0.51670635,1.4585967,1.1082269,-0.17280535,-0.1377346,-0.23770292,0.32545343,-0.48120108,-0.04775008,-0.09515225,0.48833412,-0.23227006,1.0123917,-0.27889875,-0.2624416,-0.1134954,-0.34031963,-0.22129408,0.10100044,-0.42472053,-0.2921616,0.12913427,0.30632383,-1.7918535,-0.15378842,0.28298137,0.41207248,-1.5074761,1
0.9535,-2.0358076,-1.0071236,0.4221974,1.3251572,0.10403951,-1.1924578,-1.7538543,-0.4991844,1.4391847,0.36108372,-0.8791294,0.16484208,-0.606015,-0.32841206,0.97896606,0.9113631,0.41550305,-0.6119389,0.6205931,0.8475056,0.7849414,-0.20217966,0.04580842,-0.15582855,-0.1693569,-0.27155846,-0.44482058,-0.3216801,0.9703846,-0.28548944,0.45088583,0.86141664,-0.2853727,0.16440572,0.936583,0.6105264,0.6197012,0.77820355,0.52390695,-0.433584,-0.4332673,1.6946604,-1.3161379,0.31212848,-1.0637386,-1.351401,0.45754105,0.013590622,0.0061046514,0
1.4300076,-1.7169788,-1.3886977,-0.31244662,0.12256213,-0.046410687,-3.4389553,-0.37029243,2.4307334,-1.2721858,1.0493757,0.79893273,0.12615487,1.4303219,-1.0773058,0.0040445756,-0.060442887,0.73809534,0.73440075,3.261574,0.99903035,1.4650983,0.6143196,0.42812753,-0.1723169,-0.6265501,1.3278068,0.29197395,0.49350724,-0.79903215,-0.22195433,0.33999962,-0.27835685,-0.16215737,2.492067,0.34057736,0.19786306,-0.1866028,0.4531148,-0.0064510885,1.22276,0.9415454,-0.34812313,0.35567442,0.22571737,2.2504172,-1.0911567,-0.6971557,0.047586914,0.33649006,0
1.3583667,-0.07484317,2.375592,0.14086668,0.18876949,1.1316717,-1.1711338,1.040158,-0.83352226,0.0164349,-0.08077517,1.6621281,-0.5441756,-1.7851206,-0.4907433,-1.202066,0.29520887,0.8718933,0.49431568,-1.2886355,0.8217604,-0.83714336,0.49912277,0.635686,1.543969,0.070589915,-1.0529603,0.6198416,1.0610409,0.10984809,0.7829759,-0.28139907,0.47648716,-0.21125786,0.060901828,0.304533,0.15108168,0.3293345,0.24353531,0.44082633,-0.7793509,0.50912696,-0.3589781,-1.5385284,0.24864732,0.55329096,1.2283957,-0.47277442,0.8711026,0.6078046,1
0.0793035,-0.38077205,-1.4640056,-1.4318256,1.6561937,-0.17372191,0.37505612,0.4132448,0.27034396,0.16651282,0.42057467,-0.57808477,0.12487012,-0.5252383,1.1449976,0.12034517,0.040206928,0.4361743,0.94690984,1.0849975,0.19996911,0.58025503,0.4155427,0.39748955,-0.4640346,-0.4335152,-0.2168086,0.5080999,0.06369032,0.84650105,0.50536263,0.22530638,-0.057568338,0.09006373,1.4914757,0.23155148,0.4287196,-0.3769915,0.06295028,-0.3476028,-0.9888395,-1.4011647,1.579824,-0.28735295,0.20068426,2.5082316,0.87748224,1.1072738,1.4711323,0.89383113,0
2.1002479,-1.223548,2.0417335,-0.75927055,-0.61743873,1.1881483,-0.9621862,0.5689643,0.46522647,-0.10030643,-0.44080955,-0.3719789,-0.54412913,-1.0921046,-2.473778,-0.043534014,1.2252214,-1.5723073,0.3410637,0.25619048,0.12529483,0.4336589,0.32921374,1.009136,1.265566,-0.7655086,-0.7721532,-0.994021,-0.5940376,-0.61944044,0.18276633,-0.21089692,0.42470074,-0.37310657,-0.122635745,-0.28245252,-0.11219497,-0.2681052,-0.036893025,0.9812542,1.2148924,0.98698676,1.1759048,-1.7891153,-0.7045464,0.96771675,-0.1312818,-0.46672904,1.1581612,-0.5994385,1
2.5703278,-0.12802464,0.9493335,-0.76089317,0.14063567,-0.17698196,-1.2334899,0.50899774,-1.0195283,0.9943874,0.5041984,-1.2979318,0.7465963,0.18656525,0.14936076,-2.9945939,-0.6566235,-0.8010168,-0.63094777,-1.2008156,0.16608354,-1.2608904,0.93228585,0.7341668,0.37092882,-0.39050344,0.45423162,-0.53318226,-0.47184545,0.32069325,-0.085321434,0.06193848,0.31214482,-0.2855228,1.1698892,0.58876723,-0.092596754,0.08415223,-0.31225792,1.0840095,0.60639954,-0.75764817,-1.3003827,-0.90070665,-1.4988949,0.79235846,0.6594141,1.7928022,1.3307835,-2.2632675,1
0.20575416,0.28266203,-0.88712704,-2.2176108,-0.8435869,-0.5585915,-0.40271097,-0.15293139,0.15776683,-0.6243167,0.053095557,2.9961035,-0.50456405,-1.4848973,1.3341781,-0.48286858,-0.82819766,-1.2841054,0.9444084,-1.1208202,-0.36729148,-0.8185648,0.04175112,0.42759877,-0.47081187,-1.2741467,-0.96204495,-0.37413794,-0.19068587,-0.50296116,2.2192657,-0.16467261,-0.19978777,-0.33731604,1.0160488,-0.25208527,0.14468654,-0.009977936,-0.24027142,-0.14238721,-0.7581131,0.46653208,0.031825144,0.14726147,-3.8030763,0.056790303,0.11842212,2.2892218,-0.5624869,-0.5667836,0
3.4249587,0.6392677,1.4178011,-0.4046792,2.910544,-0.89067966,-0.001989331,-1.1195775,0.36330223,0.29189202,0.81037736,-0.20799541,0.40256733,-0.28727025,0.38882333,-0.959531,0.8016566,0.65342206,-0.40705344,0.046919785,1.9759415,0.06526521,0.7093313,1.4364486,0.09016324,0.5756699,0.117756516,0.30078763,0.05028955,1.7640535,0.111641735,-0.2289634,1.8984997,0.47017336,1.6784517,-0.051168192,0.3954896,-0.08368888,0.5038174,2.1189458,0.9242822,0.120745644,-0.037689317,0.48881963,-0.2872697,0.9141712,0.7490518,0.76199365,-1.2292998,0.111993104,1
0.57981145,0.6492635,3.153536,0.3824494,1.6591183,0.43358824,0.12554502,-0.94634175,0.7937735,-1.0489241,-0.026215179,0.59699637,-0.38579306,-0.9573452,-0.90837914,0.59569156,-0.14661115,0.7931583,1.4457668,-0.7952046,0.7436136,-0.27180606,-0.18682751,0.7889016,1.2797275,0.8255638,-0.7458078,1.0429368,0.3562036,0.47124016,0.47567505,0.027008552,1.1140587,0.55412436,-0.22428966,0.3197508,0.95169634,1.185525,-0.0308375,0.958984,-1.8488705,1.4986145,0.32831314,1.2114099,1.629509,0.8670351,-1.0162508,-0.56620955,-0.65294206,-0.0064637386,0
2.5256763,-0.6894425,-0.6313659,-0.54418296,-1.0755852,-0.004063774,-1.8296205,-2.1996686,-1.2120743,0.00922329,-0.47953305,-0.8092077,-0.2525242,0.7110492,-1.4564596,0.09133076,0.012530271,-1.2524943,0.64787984,-0.62978226,0.57881445,-0.30127653,-0.3197854,1.3329318,-0.2089575,-0.61067593,0.17737027,-0.6820649,-1.0356245,-0.60065055,-0.2838815,-0.087453604,0.18062285,0.2864849,-0.14103813,1.2309535,0.44919717,-0.42567968,-0.37659186,1.0732836,0.7044222,2.2611217,0.59844536,0.52363914,-0.15276887,-1.0374594,-0.816208,0.11563499,0.43651575,1.1235843,1
3.6202588,-1.6319766,-0.17175524,2.1376913,1.0103395,-0.09334895,-2.6527922,1.2445683,-1.6742812,0.5083904,-0.013037245,0.17535855,-0.12337818,-0.43033254,-0.6018316,-0.11923023,-0.955019,-0.50374156,0.7292158,-1.6166829,1.4822971,-0.93797076,1.0305172,1.8065792,-0.13973422,0.40025324,-0.29193845,-0.42686674,0.073744886,0.3561444,-0.16427924,-0.106521346,-0.12058759,0.12751938,-0.09606145,-0.21935679,1.4064951,-0.3831707,0.2646526,0.058601473,-0.97902066,-0.25707284,-0.39939004,0.9161498,-0.26746613,-0.7053956,-0.5498003,0.06961857,-0.27028334,0.65394217,1
2.5669365,-0.2972939,3.9746015,0.767112,0.13671407,0.38238204,-2.1356328,0.6480991,-1.028907,1.5483232,-0.27076742,0.22780725,-0.60604095,-0.36819723,-0.43643466,0.6876068,1.0156672,-0.49740598,-1.3015924,-1.6756696,1.060388,-0.5402211,0.53578836,0.14563425,1.4575629,0.3090634,-0.39325827,-0.6579927,-0.026122913,0.52160424,-0.18184265,-0.27812865,1.2166492,0.48902136,-0.20878702,0.19705795,0.36181015,1.9328163,0.6824376,0.5738137,1.1424336,2.3022132,-0.21925528,0.8963672,-1.7427653,0.58597046,0.7277412,0.26059473,-0.07288802,0.6046414,1
2.4316123,-0.37419742,0.27759588,-0.026252382,0.088999346,-0.12382186,1.2024988,-0.0069492715,-1.1943897,-0.6120924,-1.7781354,0.7524015,-0.42154852,-0.26263502,-1.4722111,-0.7107063,0.6850773,0.076025255,0.1744723,1.2508723,1.0106483,0.7040465,-0.3417244,1.5239549,-0.31525087,-0.10591352,-0.7945616,-0.038359765,0.27630067,-0.24315642,-0.29121372,-0.24041943,1.7163125,-0.33388093,0.002037734,0.56375223,0.2840597,-0.054124076,-0.26666602,-0.10440734,-0.07277036,-0.093994014,2.1711972,-0.30229577,-1.4258113,1.9961121,0.4149663,-0.5754309,0.86389863,0.94478923,1
1.8883537,-1.6658771,0.90170914,-1.1325094,0.87868214,0.10911764,0.5371624,0.1831981,-0.33640674,-1.4324285,1.5474406,-0.6769453,-0.537584,0.19168016,0.1960479,-0.6182137,-0.6437275,0.5668188,1.1969297,-0.117568195,1.1246234,-0.34922716,1.3200177,1.7272395,0.6798443,-0.68345606,0.572626,0.28256318,0.109613754,-0.49137118,0.523907,-0.34359437,-0.31626236,0.32969567,0.19033553,-0.12505074,0.18199266,-0.05634096,0.17393029,0.18162236,0.68300414,-3.4478023,0.72369313,0.46753985,-1.5754384,0.123840295,-0.996586,0.3716385,0.056365408,-0.08908201,1
1.3707079,-0.14069402,-0.82743806,-1.3975128,-1.3027436,-0.33165142,-0.38754243,-1.9847238,0.17259286,0.17307541,-1.0248888,0.060118165,1.6340843,-0.4061873,-2.0498164,-1.1595157,-0.90203863,-0.8517118,-0.55053824,-0.25645834,0.07396248,-0.6420067,-0.65989745,0.39642662,-0.55152094,-1.0374867,-0.2446271,-0.58370125,-0.73083156,-0.67194,-0.364203,0.89663464,0.80007005,-0.2521119,0.7162626,1.3527553,-0.09523105,-0.25849703,-0.07920153,1.1740024,-0.20344782,0.5460439,1.1167905,-3.2197423,-0.43222523,-0.5777117,-0.43680325,0.27057084,-0.20807102,-0.02871749,0
0.36596525,-0.7462397,-0.23487572,0.15776671,-1.9210794,0.7949554,2.2565756,0.008909464,-0.30660793,-0.21396059,1.4409779,-1.9133326,0.81705225,-1.0385354,2.2814333,0.5889648,0.027894884,-1.0682979,-1.7629995,-2.0985005,0.006536284,-0.91733265,0.7717828,-0.069443256,0.6176277,-0.5390998,-0.20715074,-1.0764424,-0.81852734,-1.1454445,-0.38815597,0.5509426,-0.081543356,0.25500122,-0.15531544,0.026914766,0.9105694,0.013044673,0.12519486,0.31086564,-1.7176895,0.4134758,-0.27009836,-1.2303478,0.32730582,-1.700953,0.7698323,1.1649388,1.077026,-2.2742116,0
0.78579617,0.15511775,-1.076725,-2.0829828,-0.32922778,-0.51333946,-0.038561575,-0.84138113,-1.7162466,-0.6702823,-0.84711456,1.2463897,0.13733141,0.56028754,-0.9250244,-0.2494026,-1.0508578,0.44771522,-0.7417559,-0.19476013,0.5250995,-0.4225179,-0.37459803,0.1117655,-0.69771755,-1.0624498,-0.013992243,0.0342102,0.38742712,-0.36020157,0.51349944,0.034352556,0.23389988,0.46574354,-0.23535629,1.4356494,0.5576888,0.82680064,-0.36566183,-0.46071035,0.4909786,0.095213644,-0.53189576,-0.07175702,-0.851044,-0.46647328,0.22736122,-1.4545805,0.07694502,0.19369629,0
0.69020444,-0.6763891,1.3800586,-0.32077616,0.81221825,0.16595674,0.5237389,0.6855112,-0.010796014,-0.17164192,-1.7158296,-0.9749287,0.0005569916,1.8096317,0.58930045,-0.9978285,0.4301769,1.4186398,-0.6236173,0.66954005,0.6170508,0.23361783,-0.6192612,0.2552947,0.211631,-0.10489408,0.16455169,0.2910894,0.3583798,0.22543594,-0.12542145,0.26226205,1.987819,-0.06408126,0.13782178,0.8871094,0.72429246,0.22902992,-0.12140564,-0.38721526,2.2917445,1.2068548,0.559901,-0.5904967,0.5791741,-0.14445823,-0.62118083,-1.5366666,-0.071243316,0.22835287,0
2.0728006,-1.8239897,-0.7686205,-1.4270009,0.5311521,0.7319609,-0.50756156,0.70913434,0.032023203,-0.039976947,-0.4567094,-0.31071007,-0.22823054,0.32019198,0.6620765,0.1813695,1.0261111,-0.8414368,0.055021405,-0.70496,0.603899,-0.1387563,0.41706824,1.0186039,-0.054721184,-0.87962544,-0.080018446,-0.8278576,-0.20895965,-0.03495565,-0.41542923,0.32882968,-0.24211338,-0.15868616,1.756971,0.7247904,0.54902685,-0.28859532,-0.2799159,-0.2188402,2.1331496,-0.08882661,-2.0984128,-1.7015694,2.3185353,-0.09162557,0.54641885,-0.8040063,0.8851315,-0.8703503,1
2.0108604,-0.20013046,-2.1910365,0.63605684,1.0674665,0.123058274,-2.3964906,2.0385778,-0.9460656,-0.18350479,1.6547831,-0.55981344,-0.18722282,1.0986582,0.42528254,0.58058053,-0.19417314,-0.14285286,0.39516428,-1.7688099,1.0812507,-0.7605638,2.1323812,0.82111293,-0.28319687,0.45418885,1.2415717,0.026084905,0.080381066,0.5053495,0.941135,0.1977636,0.27902475,1.4926792,0.95541656,0.15557978,0.3347882,-0.32224858,0.65102625,-0.136684,-1.5043035,0.26812327,-2.043693,-1.2809192,-2.7113824,1.0233124,-0.3421804,0.8448309,-0.9698446,-0.84891146,1
0.19794142,-1.6269541,-1.381923,1.1180488,-0.3690088,-0.14289306,-1.4199184,0.56719273,-0.52541494,-0.66897583,-0.5893548,-0.79137397,-0.6887423,-0.1531306,0.81237036,1.4909652,-1.9236577,-0.42442998,1.7770277,0.16091684,0.28823948,-0.29366496,-0.17241783,0.4682715,-0.5776465,-0.16986963,-0.36012292,-0.04374282,-0.24861531,-0.696964,-0.04427073,-0.2680163,0.03206201,0.8749623,-0.004483334,-0.24536747,1.227372,0.021198174,-0.20709391,-0.11665304,0.08661274,1.8724909,0.44955328,0.5901005,1.7563103,-2.3494642,-0.518283,-0.91771716,-0.20775464,-0.59723324,0
0.4181589,-0.9942539,-1.0056257,0.7164959,0.57664466,-0.18156062,0.8538149,0.5539925,1.1415445,0.49283427,0.015493884,-0.69432664,1.2130682,0.1414185,-0.7139613,-0.6448568,2.1903658,0.9070076,-1.179244,0.9369987,0.36757013,1.1957481,0.21076868,-0.012259365,-0.28552327,0.018058449,0.2655396,-0.17130595,0.27922222,0.25064918,-0.38650566,2.6350644,0.54686046,-0.12587276,1.7955661,1.119635,-0.24564019,-0.40645564,0.49644157,1.3850471,0.05687046,-0.07856788,-0.5386402,-0.86614317,-0.6225465,-0.4013165,-1.71909,-1.1171049,0.065980576,0.19544177,0
1.1630327,-1.1677587,-1.1035409,0.5284677,1.8792263,-1.1510875,-0.92794245,-0.89901197,-1.0289797,-1.4521353,-0.956005,-0.49827075,0.70692676,-2.0230043,-0.3599631,0.91591173,-0.75105757,1.4070585,0.8311615,0.31341246,1.3810095,0.05693885,-0.48500526,0.7238807,-0.96356595,0.2321771,-1.0986605,0.85442716,0.25025418,0.011211382,0.48358276,-0.23093294,0.1673165,0.42141622,-0.08289661,0.15531795,1.8824521,0.59922403,0.07855698,0.5123654,1.3417336,1.5707965,-0.2285735,-0.88015467,-2.220309,-0.5600631,-1.2441514,0.5993201,1.0308888,-0.11971378,1
3.1585507,-0.37399364,1.6083905,-1.4940373,0.42269653,-0.48907882,-1.754043,-0.29140556,0.5310703,-0.6219271,0.48892832,1.2363101,-0.26958305,-0.31601936,0.1449758,0.0730511,1.1222763,-2.5242527,0.34039983,-0.6684963,-0.022525327,0.005913261,0.8680373,1.4618835,0.21943702,-0.72325426,-0.100879446,-1.4420513,-0.9899513,-0.049764406,-0.03317026,0.18427631,-0.20655122,0.12874015,0.5345505,-0.22770113,0.21655099,-0.24570155,-0.3328872,0.6367387,-0.39133203,-1.965215,-1.4950782,0.45548004,-2.0340197,1.1214744,1.4480516,-0.5332504,0.0030887162,-0.17040867,1
0.52615505,1.1646187,0.03186417,-0.44856966,1.876337,0.3279826,-0.42179033,0.5695232,0.39964092,-1.3277626,-0.8086012,-0.60949653,-0.30615893,0.308297,-1.1038021,-1.1842549,0.35066208,0.14640808,-1.2568105,-0.6833941,0.14623526,-0.43889755,-0.19568454,-0.36079833,0.038036782,0.49658757,-0.20180479,-0.100633316,-0.061266962,0.51094365,-0.061169315,0.8998632,0.7266249,-0.33620468,1.6363126,1.1257756,0.23961177,-0.39720488,-0.1747944,0.21871409,-0.12884171,0.2392381,-0.6619541,0.28596961,-0.16040024,-1.2255307,-0.9649226,0.6922785,-1.6007934,0.85441047,0
1.686249,0.7955388,-0.040679313,0.23464763,-0.098378144,-0.05705229,-2.1629562,1.3585219,0.421711,0.8839129,-1.4094516,-0.84427804,0.117798,-0.5794626,-0.91228396,2.2710147,-0.8638468,-0.12158655,-0.22923408,-1.6806498,1.2500554,-0.46286097,-0.1030915,0.37963307,-0.24474077,0.37091833,-0.59268016,0.064713076,-0.027517453,0.37965417,-0.35269552,0.11300912,-0.27134925,1.3819634,-0.1969725,-0.18014552,0.78437614,0.6555362,-0.36789402,-0.27136767,-1.1080757,-2.5952146,-1.3297757,-0.87376076,1.1813929,-0.8582919,1.0971246,-1.303302,-1.6980153,-1.6999335,0
1.2241783,0.71965194,-0.8734778,0.9639074,-0.12269887,0.14093578,-0.5520428,0.3036824,-0.3906682,1.5550488,-0.98939496,-0.3863635,-1.2179356,1.0748631,0.750245,0.68661314,-0.5889492,0.4962629,0.812777,-0.69189954,0.88879436,-0.33778045,-0.16989653,0.8339086,-0.4251932,0.6887535,-0.051629737,0.61101484,0.14028662,0.49215257,0.11662791,-0.02940461,-0.20867573,1.450093,-0.1438693,-0.3073412,1.1637446,-0.25467718,-0.24845062,-0.43550357,-0.52333677,0.18715928,0.14510372,1.2583992,-3.387601,-2.1398592,0.63620025,0.33139175,1.0256978,1.1554524,0
3.2132735,-1.4331906,-1.2695123,1.1553662,-0.1625391,-0.113504745,0.750099,0.7245346,-1.2588588,0.073456384,0.3746816,0.36951602,0.9682948,-0.52523655,-1.0133806,-1.6772746,0.78698003,-1.0455261,-0.41189867,-1.4397012,0.6126684,-0.94133514,1.0623498,1.4862722,-0.327541,-0.006569627,-0.015265704,-0.94289035,-0.23613,-0.3965383,-0.069001004,0.048414536,-0.2758853,-0.22478592,1.0061634,1.4314262,-0.28018567,0.19158177,-0.22224346,1.2816925,0.51836807,-0.6769061,-1.6065081,-0.382625,-0.38666508,1.1803393,-1.8370771,-0.99982893,0.57041633,0.35655928,1
0.059668183,-1.0700148,1.0026062,-1.5128952,0.2400712,-0.07703202,-1.1483672,-0.6459342,-0.34492058,-0.8735419,-1.9833059,0.9312596,0.7358295,-0.5250948,0.82643247,0.92110115,0.08355623,-1.4278451,-0.27862546,-0.7668115,-0.31796846,-0.08668522,-1.1377795,-0.26322946,-0.18245777,-0.9399286,-0.67984325,-0.8666619,-0.62073535,-0.453138,-0.2678316,-0.5025836,0.6028409,-0.34798753,-0.20188217,0.22491275,1.2749237,0.7504965,-0.3410871,-0.52646565,0.44621128,0.3182342,-0.32930505,-1.9660676,-0.6522175,-1.7426692,-0.3711752,-0.2740548,-0.77954066,-0.71298885,0
1.3281769,-2.020618,1.8427395,-0.71547216,-0.36677083,-0.6906527,-1.4434144,0.3705946,-0.4896675,1.5310571,-2.7527187,1.5584068,-0.8193182,-0.19146091,-1.9914926,0.6630902,-0.36403176,-0.4842671,-0.72421855,0.36700177,0.5120619,0.235831,-1.094585,0.10925447,-0.5221765,-0.8902936,-1.0652593,-0.93441737,0.1623314,-0.06667235,0.17484954,-0.26286408,1.3297524,-0.1809348,-0.47773626,-0.23140267,2.2084234,2.3998637,-0.23462601,-0.20167889,-0.1493482,1.3859084,0.62037337,0.95498604,-2.3147292,-1.314498,1.4869218,-0.39937094,-1.2274064,-0.36545438,1
2.5208802,-1.6336894,1.6235874,0.32326886,-0.3361277,-0.5447826,-2.9454637,0.56770647,-0.7646176,0.67734236,-0.7022774,0.77806276,0.79702777,-0.42343625,-1.5989134,-2.2139673,1.8002949,-0.05805942,0.062261093,0.48365822,0.6597307,0.3689244,0.21819304,0.8195853,-0.045922812,-0.42075214,-0.25358427,-0.32941297,0.27238792,-0.3496181,-0.12637778,-0.19514425,1.5642875,-0.111457124,0.3709787,-0.11924656,0.31817818,-0.3327798,0.5495374,2.2699926,0.03942859,-0.38839877,1.454033,1.1045849,1.9932752,-1.0336363,-1.4381245,-0.33500788,0.676087,-0.05573047,1
0.41648173,-2.3074784,1.5884576,-0.7372425,0.51813066,0.47634813,-0.064766854,-0.130211,3.414531,1.538471,-0.5411551,-0.14412917,0.6660095,1.7466553,1.9224459,-0.68519026,-0.63192964,-0.062362902,0.8353819,0.33747113,0.080908276,-0.2578695,-0.23821,0.571002,0.76107997,-0.79906636,0.87018615,-0.20538583,-0.18999526,0.3628388,-0.32532737,-0.12111795,0.05898839,-0.3838828,2.7110968,-0.20196226,1.1479435,0.0917454,0.4973371,-0.18435246,0.80352426,-0.6628601,0.2990023,1.0246048,-0.74162287,-2.1729925,-0.16508664,0.36400378,1.7432911,-1.4609995,1
2.4462643,-1.2203298,1.207662,0.046127323,-1.4841208,-0.2659485,-1.3410195,1.4762976,-0.27499285,-0.1043527,0.46573287,-0.31289032,0.23151723,1.1791797,-1.3072191,-0.07280682,0.5605223,-1.7037493,1.4269974,-0.36956027,0.2672746,-0.04918385,1.2143856,1.7335716,0.25860804,-0.6777365,0.905417,-0.89799,-0.47187722,-1.0562668,-0.36027074,-0.46174833,-0.17587186,0.22880153,-0.18124367,-0.15187305,0.038183097,-0.26117384,0.23830712,0.9529164,-0.089306556,0.78171957,-0.2065939,-0.9597371,1.3132676,-0.58684486,1.0997909,-0.96588194,-0.25851786,-1.6030496,1
0.5350877,-1.0965575,0.5369316,0.29528168,0.67086136,-0.3341452,0.9643797,0.79325265,-0.69059664,1.0453516,0.025643848,1.3376962,-0.82567954,1.0065236,1.2166853,0.9234347,1.26109,0.5880708,1.556089,-0.488599,0.63365954,0.22986735,0.3183755,0.87086064,-0.09491602,-0.046285413,0.40835723,0.7131903,0.77558273,0.5360542,0.8955688,-0.33228803,-0.040592536,0.6153883,-0.12896296,-0.25969005,1.5906502,0.3674043,1.7512124,-0.46927363,1.0764287,1.7978324,1.4719255,0.1740242,-0.21178219,-0.31047544,-0.8722759,0.27441397,-1.0109155,0.6228841,0
1.4075024,-1.7115362,-0.12079683,0.15064764,-0.48916933,0.8867996,-1.0445673,-0.8876605,1.6616718,-0.29449388,0.5864268,-0.024925727,0.8238712,0.4341274,-1.4466559,-2.328412,-0.35514793,-0.52737045,-0.34282744,-2.5045025,0.10491069,-1.5794237,0.2471432,0.32617337,0.46970117,-0.5715092,0.63325995,-0.7207371,-0.42018497,-0.7541292,0.047705878,1.3104032,-0.3299904,0.32627943,3.42995,0.56566685,-0.045644607,-0.21289684,-0.28187844,1.2038945,0.25038525,1.3216805,0.034827042,1.3318275,1.2037603,-1.2752465,-1.1391168,0.35197586,-0.9777781,-0.83246416,1
3.769027,0.40086913,0.92725843,0.30387554,0.1215854,0.19320728,-1.4167793,-2.4546654,0.3698518,0.6228452,0.015973827,0.9483398,0.3344381,-0.34703818,-2.0551918,-1.5412068,-0.7509689,-0.118191816,0.1347434,-0.72439873,1.5268819,-0.86469,0.008819689,1.7546138,0.3415658,0.24711458,-0.054343816,0.0587733,-0.22354496,0.3150099,-0.3474792,-0.3677732,1.4603175,-0.24983983,0.9804003,-0.2944824,0.29502124,0.14750598,-0.24020666,2.3737586,0.90516526,-0.9757019,-0.26310417,-1.4276136,0.33407995,0.22555773,-0.5503197,1.667835,2.0097175,-0.39573964,1
2.7233295,0.7441822,-0.18327576,0.08693893,-1.161934,0.9441165,2.0467086,0.10417824,-1.9678905,0.22136526,0.03531407,0.33700338,0.09284194,-0.7747009,-0.7125951,-0.76077014,-0.9496546,-0.30836138,0.4699517,-1.4050448,1.0594803,-1.0159022,0.5149416,1.9316356,0.42677847,0.024639307,-0.4170848,0.12719323,-0.069647595,-0.35482448,-0.09352822,-0.20611928,-0.0057078884,0.32030535,-0.20307891,-0.1905113,-0.16388476,-0.39358726,-0.34716788,0.22538106,-0.5638902,-1.0841444,-1.2774401,-0.5576625,2.537731,1.7808577,0.45536873,1.3778548,-0.0618887,-2.559494,1
1.4426553,-0.7573466,-0.6595743,-0.59633255,1.024672,0.22549723,-1.0232214,0.104133375,0.46816742,-0.191052,0.7965357,0.4556472,0.21002129,-0.7061763,2.1526513,-0.51367074,-0.59393644,1.1305732,0.006292734,-1.5481141,1.1171005,-0.8793817,0.69476575,0.5180367,0.15571886,-0.22765122,-0.24777092,0.321821,0.6337712,0.28302336,1.5464143,-0.12059159,-0.23444596,-0.002289378,2.524225,-0.18384735,0.27217036,0.054027155,0.78834933,-0.374747,-1.2977815,0.28465492,0.4259062,-1.2020015,-2.0125873,0.7090416,-0.89938086,-0.33391958,-0.22463039,0.5851675,1
2.2067683,-1.9159474,-1.2142171,0.06272815,0.07032377,0.328196,-0.80335,-0.44336414,0.1293846,0.6869095,-0.12277909,1.226182,-0.29860848,0.5832534,0.35051388,0.33638602,0.7432493,1.1728659,0.5101189,-0.6310721,1.702603,-0.12196534,0.24178123,1.1785046,-0.2834802,-0.56106347,0.21995153,0.376406,0.7949386,-0.16966715,0.32207462,-0.024935642,-0.13811703,-0.118365176,0.898398,-0.0292108,0.93326366,0.19075339,0.7905002,-0.31122303,-0.6876969,-0.41494042,-2.0361524,-2.078872,0.32900816,-3.4579322,2.1894135,1.0848941,-0.35206068,-1.5867772,1
0.6271109,-2.758349,0.12407871,-1.1306628,-0.8827019,1.0338448,-0.6098062,-1.4554722,0.5985513,0.27293992,-0.20716235,-0.81903243,-0.2780307,-0.47211584,-0.14608301,-0.49491015,-0.40236637,0.78950715,-0.08923378,-0.6759116,0.5225315,-0.46771726,-0.3470425,0.17002773,0.48293462,-1.243628,-0.39962432,-0.19409525,-0.17217582,-0.9241948,-0.24788864,0.7437711,-0.06451712,-0.23014711,0.62839985,-0.014682157,0.11332278,0.7084098,-0.022560822,-0.1583751,1.777528,0.3757371,-0.035858903,0.4960942,-0.15131809,1.7841799,-0.31650934,0.4565616,-0.17735133,1.1054405,0
1.2353657,-1.4547749,-3.0735662,-0.2777448,1.0773269,-0.27303642,-1.4234254,-0.30845863,-0.5724905,0.95277584,-0.46574947,-0.5903416,0.44499022,-0.75351,-1.3264488,-0.6291148,0.6410264,-0.363584,-0.036961906,-0.1543391,0.28473532,0.0314187,-0.08561945,0.3757651,-1.0506785,-0.313767,-0.37772435,-0.53157246,-0.3677272,0.58693117,-0.285675,1.8011178,-0.062832795,-0.22434993,1.9308623,2.8246193,0.72623974,-0.23533529,-0.34949565,0.31253994,1.2018938,0.61637634,-0.40525395,1.184557,-2.3944032,0.5416025,0.62612844,-1.7736143,-0.028625553,-2.3329835,0
1.0467488,-1.1851326,1.0786208,0.42268118,-1.3406335,0.4008331,1.1360359,-0.6399242,0.58305824,-2.410315,0.04853064,-0.8050622,-0.08692674,0.5531335,-1.0812726,-0.7116883,0.32392448,0.5664975,0.8580284,2.4680028,0.6393121,1.1259906,0.06828754,0.9400126,0.5981872,-0.41136262,0.3342901,0.33777025,-0.04388139,-1.2705163,-0.22320847,-0.105208576,0.31230932,-0.27713484,-0.25581902,0.14451134,-0.27425995,0.18150567,-0.24457908,1.23667,-0.6360621,-0.97170424,-0.24760787,0.5495775,-1.2628227,-0.3699243,1.4436955,0.5253849,0.3429194,-0.0051202797,1
-0.3553815,0.5656525,1.7308377,0.039136402,-0.71717197,0.6928656,1.287466,-0.26525483,4.0905004,-0.9819401,-1.2167299,-1.8901916,-0.32143906,0.117319904,2.8410423,-0.2987897,-0.29201436,-0.8718611,-0.81986105,0.69038534,-0.41282812,0.14188233,-0.7518952,-0.089589216,0.821746,0.121896446,-0.41927615,-0.41142914,-0.7550977,-0.49519792,0.06901848,0.087585256,-0.18989404,-0.15715446,1.7889278,-0.21378365,-0.20879027,-0.07814426,-0.28460923,-0.13956833,0.0035333955,2.0468066,0.06598805,-0.32468563,-0.3585462,0.69424057,-2.6413302,-0.3198521,-1.1793301,2.2077422,0
0.8668891,-1.058157,0.3100622,0.49947333,0.16175286,-0.28081492,1.0902451,0.5548794,2.2526605,-1.4897172,-2.0547721,0.24003834,-0.501,-1.0544907,-1.6579567,-1.4162077,-0.002014402,0.9227983,0.9270983,-0.9807197,0.5048153,-0.82387316,-0.8135898,0.97499216,-0.47243613,-0.13082486,-1.0676186,0.60967964,0.55715287,-0.6639142,0.12776037,-0.08156032,-0.22045504,0.18556961,2.0629563,-0.3729868,0.58736736,-0.16944788,-0.26385337,0.12658265,-0.8457267,-0.53214216,-1.6955239,1.240864,-0.8096933,-1.1356881,0.5065262,0.036186714,-0.86886907,0.84812605,0
1.82486,-1.0967973,-1.7109151,-0.3300704,1.3504407,-0.18806198,-0.3265995,2.0831606,1.9267478,1.4231519,0.101144224,0.8283914,0.40595284,0.66112554,1.3191617,0.124845415,-1.6296586,1.3173039,1.3922063,0.34831828,1.5163134,-0.37411568,0.99483764,1.5184517,-0.45671573,-0.114944614,0.5281386,1.0684898,1.2260737,1.1393692,0.16817647,-0.07126546,-0.2723279,0.07974379,4.043778,-0.2852896,1.333106,-0.27699593,0.7851763,0.16276969,1.7701701,1.2677608,-1.5823904,2.2500656,0.43198663,0.20647117,1.5170425,1.3591046,1.2205969,2.3316605,1
4.003134,-0.20069534,-0.74955904,-1.0799023,0.72247845,-0.114016354,0.9573361,0.865206,0.5817738,0.7394405,1.3407638,-0.556773,-0.2698786,-0.7235392,1.1447332,-2.604626,-0.05994711,0.67507124,-0.67929137,0.08570793,1.966991,-0.4855966,1.830349,1.6967239,0.0007855922,-0.4118481,-0.2354253,0.07245084,0.23716018,0.63282764,0.046685856,0.45221257,-0.29910874,-0.30643,4.7936325,0.012082514,-0.21285523,-0.16041452,0.10779414,0.13849077,-0.32687166,-1.818849,0.03978748,-0.79166377,2.7375126,1.0640213,-1.9243083,-0.22034429,-1.8624561,-1.305189,1
-0.6458013,-1.8939481,0.2667063,1.6002043,-1.1287285,-0.27212852,-0.82374835,-0.80601287,-0.4170495,-0.07688255,-0.19714172,-0.7602138,0.00659227,-0.9081827,1.2180152,0.6745471,0.44452676,0.03091744,0.29516196,2.2670324,-0.19311403,1.3998322,-0.46821296,-0.36350787,-0.14071329,-0.3533378,-0.49939492,-0.24888593,-0.21990393,-0.93867683,-0.29183298,-0.4278391,0.19197324,-0.279747,-0.14872202,0.12070491,-0.12007201,0.79165804,0.9377239,0.46954566,-0.33168894,-0.3202489,-0.66470385,-1.5192509,-1.0828931,1.3023664,-1.0056424,-0.409535,-1.2274127,-1.7679366,0
-0.5022819,-1.7391346,0.4695349,0.49166605,0.5144217,0.39579776,0.6152797,-1.1101173,-2.6654098,0.5937984,1.4893278,-0.5449017,-0.10140001,-0.31976563,-1.5048977,-1.8601593,-0.26467392,0.6247298,-0.30957898,1.1847774,-0.50200284,0.12878028,0.10701121,-0.17998938,0.6158163,-0.32797775,0.35344428,-0.16714936,-0.1460777,0.09182608,0.16140549,0.33628938,1.639655,-0.2358573,-0.02453963,1.7814829,-0.037078932,-0.24958539,0.45995727,0.7777253,-1.4227686,0.034423564,-0.97897583,0.10663137,-0.6482789,-1.3201014,0.40746912,2.1528916,-0.5547002,-0.8859555,0
1.0513368,0.07041037,-0.22738074,0.5628367,-0.8786529,-1.6887212,1.3214582,-0.33116958,2.311432,1.2227736,-1.560382,1.9089284,-0.65639734,1.2109376,0.88169277,0.039759196,0.7353747,-0.7791126,0.43173733,-1.0918128,0.2780995,-0.42648587,-0.5626139,1.0038131,-1.2331526,0.10599306,-0.075586304,-0.22410227,0.039353505,-0.20677792,0.08630287,-0.32632828,-0.18101518,-0.24675873,0.70544046,-0.27276132,0.71634406,-0.28294733,0.28480753,-0.44309896,1.4086215,1.4882101,-0.9859879,-1.6817105,-1.9497743,1.3702658,0.66508716,-0.90862423,-2.1510313,0.19573507,0
2.4649382,-0.7179285,0.9162859,-1.8441647,-1.2187164,-0.30127665,-0.7273982,-1.897216,-0.0105909435,-1.0272601,0.3558196,0.034603838,1.4098598,0.19180323,-1.8626715,1.5133544,0.9894733,-1.4890924,0.8775964,0.41562384,0.75268966,0.8003861,-0.00061322143,1.5411383,0.18682352,-1.223777,0.44651324,-0.7724808,-0.954294,-0.8879956,-0.25651708,-0.31226686,0.030013291,0.66133916,-0.20806801,-0.15540326,-0.0008164555,0.5244338,-0.21710667,2.8233073,2.013422,0.09810754,0.47806856,-1.946105,1.3135562,1.0020204,0.7543811,-2.0350022,1.1836655,-0.06156744,1
0.9589606,-0.28949994,-0.043653037,-0.18053421,1.7811744,0.69749403,-1.1391236,0.76325095,0.51652026,2.220561,-1.2056004,0.23707953,-0.1816285,0.068959214,0.9522159,-0.36629513,0.49294332,-0.886073,-0.7341075,1.700748,0.10965626,0.89180756,-0.23895271,0.008752788,0.01389312,0.17847909,-0.40290585,-0.6355312,-0.2644805,1.9757468,-0.082596436,0.2633971,1.7029235,-0.21877424,1.6137784,0.2752663,0.69075805,-0.29464367,-0.28819898,-0.13915953,-0.5246588,0.2738079,0.9046343,-1.1171163,-2.188124,-0.19225746,-1.6351788,0.32239732,-0.13172153,-1.5949373,0
1.0083283,-0.68068373,1.6484389,0.8740999,-0.02472302,0.6952826,2.4210544,-1.2388743,-0.67694634,0.11159304,-1.0491979,-0.027046613,0.0806745,1.4121424,-0.86577433,0.22883852,1.007049,-0.8300928,-0.06314809,1.8556399,0.17744423,1.355458,-0.47092098,0.93127024,0.80933404,0.115210354,0.33532917,-0.6009229,-0.5744241,-0.18875949,0.4714106,-0.0409665,3.3044274,-0.18147671,-0.21895212,1.1834288,-0.12295344,0.236178,-0.31602207,0.39955238,-1.5079899,-0.11398469,1.3083286,0.60123444,0.42522153,-2.4386218,-0.4160709,0.22201623,-1.6777182,-0.108840235,0
-0.7833295,-0.6696818,-0.92232233,0.4963458,-1.1936859,-0.00059837545,-0.077807665,0.16080494,0.6381386,0.834851,0.5085799,0.39199355,0.8034401,-0.5313889,1.4498729,0.26158533,0.58535504,-0.5980932,-1.0042197,-0.5915034,-0.43720344,0.0011686678,0.15335052,-0.71212053,-0.0852508,-0.29834187,0.0759659,-0.7314386,-0.17197311,-0.54688317,-0.15625432,0.5087756,-0.23881806,-0.28857142,0.41864848,0.0027939312,-0.19974047,-0.022592463,0.9795541,0.11016589,-1.1948476,-0.5808445,0.3442919,0.62922806,2.2665026,-0.14509751,-0.11534002,-0.45338252,0.094556905,1.4045662,0
2.1028614,-1.4205992,-1.8261275,2.4868398,0.18532266,-1.2947193,1.0193342,1.4439893,-0.49109805,-1.1716036,1.069704,0.78576666,0.4437828,-1.8201975,1.5072323,2.3270233,-1.3553857,0.05118988,0.39776954,0.27416915,1.4524409,0.09951272,1.5697786,1.4340174,-0.76191705,0.60998285,-0.85332733,-0.13375112,0.4116956,-0.5449505,-0.11421018,0.5757324,0.79257184,1.9311146,-0.26916736,-0.34775615,-0.24110356,0.5154008,1.4839528,-0.49799365,0.31726256,-0.33176178,0.64555764,-1.4721925,0.3208877,0.44138587,0.46865293,1.6168908,0.91816694,0.9275655,1
0.8845661,-0.789247,1.8640127,0.024262885,-0.72754294,-0.13866143,-0.032601662,0.22363786,0.06560418,1.9696895,1.3558632,-1.7203794,-0.066988125,-0.55317074,-0.2012151,0.660287,-0.3261364,0.23209698,-0.39265028,2.0209427,0.7022119,1.0020492,0.8276873,0.24598272,0.67590666,-0.35570803,0.060277518,-0.2270562,-0.31601548,-0.04938656,0.0001111724,-0.27499077,0.023346918,1.0774685,-0.38114247,-0.09235294,-0.09396848,1.3482643,1.2426399,0.6482145,1.7939664,0.17150944,0.66270715,0.73156804,-0.70103055,1.5111045,-0.74610513,0.7998493,0.8428602,1.3857007,1
0.8382534,-0.6825546,1.4311135,0.6096276,-1.514507,-0.19182345,0.7396129,-1.3202357,-0.9894013,0.28621396,0.52159995,-1.5730582,-0.68581146,0.04143521,-1.4865848,2.2035027,0.8830191,0.941068,-0.16558379,-0.7198146,1.2039226,0.32569423,-0.035286307,0.50192,0.38831088,-0.13758357,-0.065131314,0.25879872,-0.25809792,-0.82201326,-0.32368726,-0.052115124,-0.12970567,2.3251853,0.7975053,-0.35606796,-0.23365374,2.9650962,1.2140082,1.6089386,1.0009484,-0.4615529,-0.07167913,-1.5977823,1.4681064,-1.244923,0.6604712,0.89923227,-3.2883987,2.21775,0
-0.88253284,-0.7794649,-0.49377245,-1.092175,0.2561326,-0.37810078,-0.6879006,-0.24361488,0.56548727,-0.31300306,-1.3818516,-1.4250022,0.6789222,0.20737666,2.266996,-0.46389416,0.07019044,-0.21869622,-0.7616048,-1.7116387,-0.63803226,-0.8757922,-0.9204666,-0.72421646,-0.54466474,-0.6830256,-0.12593213,-0.5293887,-0.5092657,-0.2578075,0.32367426,0.8868363,-0.24393207,-0.24779443,1.1336235,1.1212559,0.5850103,0.02168307,-0.16985755,-0.388266,-0.6160627,1.0504318,-1.2561854,-0.5215216,-0.85300505,0.8379009,-2.1314008,-0.6172521,-1.0034974,-0.44191587,0
3.0641332,-1.8758109,-1.9402163,0.35841814,0.189554,0.9449159,0.3731079,-0.9817105,-2.2260725,-0.49995574,1.5048531,-2.5374644,-0.61945045,-0.783839,-0.53553414,-0.7108438,2.0751963,-0.22791769,-0.76034695,0.2370312,1.294162,0.6562413,0.93257415,1.1584337,0.0051530097,-0.34915298,-0.2707175,-0.68200594,-0.87530947,-0.27138126,-0.30684012,1.3820031,-0.057845924,-0.3542852,0.2626596,3.3221385,-0.30144858,-0.16466857,-0.16574872,2.7399554,0.2885757,1.4969397,-1.0775177,0.20397368,-0.2990638,0.4706727,-1.0163786,-0.026193472,0.49266344,0.5361178,1
1.1336535,-1.7295034,-2.2982187,-0.054143243,-0.46267405,0.090682544,2.6257167,-1.0833304,-2.1527689,-1.1881922,-0.87777483,-0.46119186,0.3411957,-0.123687014,-2.9029365,0.2626229,-0.016164936,-0.17053548,0.58032733,-0.87764764,0.57452404,-0.35089403,-0.44041517,1.2348723,-0.8137193,-0.5413859,-0.28029373,-0.2183384,-0.33748788,-0.850762,-0.3957942,0.7928129,-0.116301656,-0.30887195,-0.28859514,3.7239237,0.06017676,-0.20138934,-0.0064179073,0.2484592,0.106485195,0.13278776,2.128508,-1.1627524,-1.9125067,0.61418825,0.02033247,0.46515098,-0.8657824,1.4613141,0
0.842398,-2.191033,1.5441622,-0.5354593,-0.004815287,-0.03936036,2.0440834,0.19883758,0.48669335,0.05015618,0.2461797,0.32973197,0.3831715,1.451306,-0.5497494,-1.2854038,0.44796187,1.2920696,1.8651589,-1.8756722,0.65173656,-1.1047901,0.33232793,1.4486794,0.5065339,-0.73318785,1.0337533,0.95550716,0.6360786,-0.44069326,1.3126681,-0.069138154,-0.0161786,-0.1670705,0.18616821,-0.32125828,0.8349902,-0.01679047,1.13342,-0.13022037,1.3631822,-0.22926928,0.51481605,-0.40970066,-0.6618769,1.3163291,0.08429423,-0.43306178,-1.1380677,-0.11966023,1
0.3137623,-1.425269,-0.8928348,0.45964152,0.6220356,0.084494084,0.3878431,-0.83893216,-2.2357993,0.18441938,-0.7793175,1.5646486,0.3422155,0.2549021,-0.9449483,0.8199571,-0.28734708,0.1430653,-1.8920053,0.22013375,0.30254954,0.14740716,-0.59385544,-0.4532644,-0.46599743,-0.1861114,-0.045836452,-0.77924603,0.31406742,0.1429039,-0.22428197,-0.17209029,1.3992999,-0.039766476,-0.3803479,1.6397313,0.39033878,1.4245225,-0.18853098,-0.2730483,1.1666561,1.1802386,-0.6053674,0.30795106,-1.0367357,-0.29511672,2.5227706,-0.75942683,0.24105355,0.15275434,0
2.9445677,-0.9703249,-0.04376418,0.99084496,0.5697722,-0.12181944,0.79929525,-0.47250685,0.9023345,0.94417405,-0.67139703,-0.5933996,0.1435411,0.13480794,1.5395043,-1.5454196,-2.4888327,0.6348755,-2.3611407,0.10502574,1.4768897,-1.0950841,0.16438958,0.198298,-0.1782964,0.26684037,0.0059412033,-0.7154606,0.009402121,0.45840764,-0.08946067,-0.21113315,0.25718233,-0.17766699,1.7622232,0.38502428,-0.13279344,0.28367394,-0.31672573,-0.26965064,-0.17339157,-1.9834138,0.36204135,0.23257157,-1.2375393,2.1913364,0.5871291,-0.806979,2.071299,-0.067519255,1
0.58553404,-2.0895119,0.85033655,-0.30135018,-0.87468076,-0.36298406,0.23840775,-1.8502792,1.4546139,1.5546192,0.6770243,0.48583356,0.7475393,-0.10546697,-0.19528909,2.4737635,0.45352593,0.73620325,-0.20313053,1.1560842,1.0947773,1.2351689,-0.18725409,0.22046661,0.25217643,-0.98607194,0.3041099,-0.13350119,0.21015714,-0.48902696,-0.019219523,-0.18096532,0.06698872,0.3697064,-0.27130347,-0.36574066,-0.11616614,4.2414074,2.410284,0.40046695,0.22611941,-0.12407532,-0.530008,-0.5273455,1.4046876,0.9190766,-1.9783144,-0.6041161,-0.764068,0.094120555,1
1.940726,0.053825974,-0.32595432,-0.022804342,0.59958696,-0.23394026,2.7969863,-0.052755952,0.6067129,0.9283199,-1.5224676,-0.9286003,0.6208106,-0.55704504,-2.2269642,0.43805215,1.1950451,0.7255852,-0.6909818,0.2095606,1.3576455,0.5565415,-0.4932216,1.0670735,-0.54460984,0.085273996,-0.6285601,0.04662307,0.08365968,0.63378674,-0.02776572,1.1229875,1.5367863,-0.36281705,0.4080861,0.42933425,-0.0059122294,0.04776781,-0.37593517,0.8029611,0.05925167,0.079156,0.9178882,-0.9089014,-0.0011411714,-0.87383896,-0.78504044,0.31116912,0.7997123,0.2638573,1
1.8688372,-0.30287117,-1.8420732,0.40685606,0.5882018,-0.6813608,0.036967285,-0.9795665,2.135471,-0.8008942,0.94377965,1.7902853,0.9972241,-0.14702538,0.19253623,-0.3685913,-0.68999153,0.90905064,0.30710456,0.026437663,1.2527591,-0.27154207,0.4298841,1.1109118,-0.54898584,0.24469377,0.40863502,0.4243299,0.83659226,-0.020898983,0.6974154,-0.19489299,-0.18226424,-0.23818423,3.5334525,-0.06583248,-0.03739255,-0.1250886,0.5752766,0.18029001,-0.91717625,0.92131376,1.1451935,0.8935345,0.9972815,-0.08933769,0.06807682,1.190215,-0.020338723,1.5284547,1
2.102499,-0.31304544,-0.57533073,1.3588033,0.9328056,0.3971112,0.5524411,0.4232645,0.55278474,0.030920288,0.21190785,-1.8330064,-0.54387134,-0.37563035,0.39365542,-0.67070156,-0.29143924,-1.1553557,-1.1690377,1.1097845,0.27620998,0.14893612,0.7118579,0.49783432,0.010635708,0.7635167,-0.25496176,-0.8642382,-0.7309961,0.41749513,0.057936713,-0.010403898,-0.13638757,-0.35049438,1.0109631,0.95933485,-0.20911166,-0.17882706,-0.475703,0.14961638,-1.814618,1.2927428,0.55496275,-0.2532394,-1.1004105,-0.35795343,-0.47762746,0.57058686,0.6671447,1.00732,1
1.929004,0.70659757,0.59913605,0.2770299,-0.28997865,-1.2763554,1.119691,0.025365844,0.29947495,0.44398096,-1.9256766,0.80744106,0.30523905,-0.29995164,-2.4288974,1.6094615,-1.3987429,1.3518454,-1.8670257,1.422553,2.017663,0.38640437,-0.6162554,0.27458164,-0.98372877,0.28957376,-0.5475347,0.072924964,0.88884854,0.20476457,0.28355205,-0.23019661,1.238348,1.510049,-0.20813231,-0.13922627,-0.037600882,4.0117435,-0.41501266,-0.47322556,-0.9217554,-1.3646191,-0.7845371,-1.3045491,0.17723855,0.6856671,-0.12315682,-0.67557305,0.6306411,0.0071569686,1
1.8618736,-0.72431266,1.8354285,-1.0003859,-0.69288594,0.1334899,-0.24349052,0.061907057,-0.3925355,0.6281703,-1.9341881,-1.8795124,-0.11768485,0.94167495,-1.2172179,-0.015757512,-0.22273965,1.4906179,-0.45315406,1.1995351,1.6683447,0.5041351,-0.5380974,0.69314134,0.29654896,-0.74679387,-0.3808791,0.39963645,-0.085656956,-0.31974584,0.12105531,0.22390218,2.2660682,0.36095765,-0.1812253,-0.042138416,0.5891592,1.579632,-0.20369533,-0.19946566,-0.2383426,-0.7569995,-0.92639506,1.5419099,-0.27605578,-1.1945426,-1.1700718,-0.013136462,1.6371425,-1.920705,1
0.45961654,-1.8580315,1.1972886,-0.5056635,1.1385287,-0.50001925,0.80814725,1.1725435,-0.5227673,-2.5441322,-1.9114833,1.3870479,-0.02242332,0.7860625,-1.6683625,0.6748402,1.042667,-0.72767854,-0.33105835,-0.4264381,0.08941053,0.22439672,-0.69991016,0.24269965,-0.30439445,-0.5436821,-0.35876465,-0.8452491,0.05157511,-0.91230965,-0.3833125,-0.25195387,0.52310467,-0.326051,-0.30705264,0.9060756,1.2585824,0.2563529,-0.5187215,-0.5226607,1.6230458,0.11008427,0.60756767,-1.2738065,-0.54843307,0.6286895,0.39242607,-1.2083223,-0.7241841,0.9647734,0
0.85140234,-0.7638585,-1.3235126,1.6077718,-0.41810566,0.8089976,-1.3188955,-0.4794429,-1.8368279,-0.031933736,-0.7328934,-1.1023542,-0.5135242,-0.11087529,-0.3556643,0.0103706755,-2.1369705,1.3149906,0.47702178,-0.9712122,0.88709307,-0.9158982,-0.34123158,0.3549573,-0.29428893,0.28001657,-0.38102803,0.7021071,0.041767325,-0.31087685,0.40735185,-0.088298224,-0.012731509,0.36558554,-0.32562032,0.24198656,0.80836976,0.05935621,-0.23659319,-0.3650586,0.3429663,0.97676563,0.32413778,1.8577832,-0.4176119,0.21744886,0.9162938,1.4207252,0.39793324,0.55769473,0
2.4576645,1.667242,0.46712595,0.43902332,-0.7017448,0.375718,-0.8569484,-1.0307848,0.6371035,-0.25210688,-2.6632545,-0.22881943,-1.1518369,-0.5442833,-0.5512805,0.7072854,-1.6723683,-0.49773446,0.72956187,-1.5544802,1.0743821,-0.8753371,-0.9245499,1.5461699,-0.26388013,0.5595728,-1.1633627,0.3000899,-0.42427436,-0.06469527,-0.31916943,-0.23319668,0.22934,0.6891032,0.028560381,-0.26850682,1.1609006,0.4588479,0.24825014,-0.17746066,-0.8265806,1.7015196,-0.8597441,0.20429513,-0.5152556,-1.4865738,0.6894127,0.56545866,0.36064792,-0.6774714,1
1.0726845,0.5328542,-1.8032001,1.4725361,-1.7011031,0.20789148,0.5478146,-2.2433875,-1.5504476,-0.57341224,-0.0022112047,0.7331768,-0.5461564,-0.7940464,2.2665434,-1.2715819,0.4320923,0.015123761,-0.6665364,-0.08560593,0.29022738,-0.20739423,-0.45910338,0.36461765,-0.5365715,0.6902778,-0.5886701,-0.077271566,-0.21824205,-0.77173173,0.68378973,-0.28155118,0.15186313,-0.16552809,-0.13446745,0.9767764,-0.09422478,-0.11872288,-0.07719877,0.7975654,-0.015838912,0.13498098,-0.2582538,2.107943,3.3978105,1.854048,0.7980126,0.2903699,0.67004746,-0.016194386,0
2.009673,-0.118070304,0.8145524,-0.7236156,-2.3728628,-1.2380183,0.7074355,-1.463045,1.1394615,-0.38917133,1.2545553,0.20183003,0.8898312,0.47498128,-0.0712903,-1.201068,1.0859631,0.05472324,-0.1569424,0.6368467,0.8194524,0.3274024,0.42168498,1.1288706,-0.21641539,-0.85228336,0.8574341,-0.114704035,-0.12971976,-1.2208648,-0.023448937,0.13038012,-0.08181488,-0.071219996,0.21713205,-0.20071942,0.10663306,0.12885642,1.4412986,3.468985,0.72008115,1.8250742,-0.30465597,0.20939086,0.36849406,1.0750524,0.84170765,-1.944843,-1.2641716,-2.020826,1
-0.72616076,0.31747687,1.0731941,-0.59270144,-0.7749273,0.19200474,0.5097881,-0.29112366,-0.074167736,0.41832075,-0.0020856026,0.054005068,0.1326017,1.299762,1.6492947,-1.88697,-2.1189673,0.9821823,1.8415709,-1.206951,-0.56266564,-1.3327562,-0.19617724,0.21345906,0.45618507,-0.4223105,0.75260264,1.2327831,0.3117472,-0.27063012,2.8312073,-0.24642414,0.14540185,0.08752465,0.031352602,-0.22034286,0.760295,0.15044148,0.45161375,-0.3119506,1.0359323,-1.4828113,0.30129567,-1.077645,-1.1717832,-1.388009,-0.49072284,-0.6618754,-0.2155774,-0.37237749,0
1.1296858,-1.4490314,0.32514802,1.0810492,-0.6537584,0.35242617,-0.73685163,1.2305037,-0.15077424,0.047727123,0.7734543,-0.1048163,0.6399001,-0.039738752,0.85849565,2.1411614,0.21817409,0.8396626,0.50276154,-3.79955,1.3007569,-1.3817111,1.0714647,0.676802,0.43949214,-0.27840054,0.30136168,0.37994662,0.5277915,-0.6467954,0.6765397,-0.2879922,0.26664248,1.0498625,-0.2122206,0.19735907,0.16406772,1.1897678,2.2491648,0.060352907,-1.1859082,-0.5515609,-1.3203392,0.44550171,-0.5282159,0.5552573,0.23802567,-0.44505435,0.23687015,-0.785361,1
2.32908,-1.1857268,0.62989277,-2.8172088,-0.4009567,2.2445939,1.0614809,0.5020813,-1.320322,-0.37244734,-1.0316622,1.263275,0.031362988,-1.2120576,3.7309163,0.15114425,-0.61721617,0.5275093,-0.30359587,-1.0275159,1.4635497,-0.54990286,-0.0018364647,1.2254211,1.2555766,-1.4938775,-0.86219496,-0.052954152,0.6567495,-0.5481278,-0.05450057,-0.5140855,-0.052819766,-0.2605276,0.7904822,-0.4391116,0.23953815,1.5082321,-0.2369248,0.74069107,-0.9298436,0.94185346,1.4078082,-0.023205787,-0.014363607,-0.19204256,1.7935134,-0.22982201,-0.28572017,-0.23645128,1
1.6601877,-0.35516953,2.450252,-1.8163306,0.31808335,-0.0487776,-0.26732525,-3.5152452,-0.5578023,-0.47276983,2.2550216,1.0120248,-0.10215879,0.4888403,0.853175,-1.8689841,-2.0161183,0.44433182,-0.22621325,0.8329553,0.66079307,-0.7995852,-0.28635022,0.6775486,1.1905707,-0.8264,1.160176,0.14449534,-0.008794947,-0.063347705,0.60591364,-0.09664226,1.0770911,0.48360538,-0.115295514,-0.12588395,-0.08192562,1.8714473,0.69244134,0.25966206,0.5946564,1.0177152,-0.083436355,0.52260464,-3.6274917,-0.5606045,-0.114553936,1.0038456,0.7032797,-0.2952863,1
1.066739,-0.0076461434,-1.5828626,2.0902455,-0.11216862,0.7405516,0.8400995,0.02308203,-1.128508,-2.4802299,-0.34071332,-0.84590167,-0.40273812,0.4318359,-1.4963398,-0.22420676,0.3337133,0.030127365,-0.45278034,1.0181627,0.48035482,0.6468477,0.058319457,0.44087484,-0.25926584,1.0606943,0.072747916,-0.027832909,-0.22224616,-0.72547567,-0.17349866,0.31812894,-0.028818281,-0.19307335,-0.29174387,2.4562323,-0.22202367,-0.16878745,0.01651943,0.7979729,0.3568118,-0.2638403,0.16796498,-0.25584,-1.6327646,0.2210982,0.3557977,-0.5870845,0.2622476,-0.87442684,0
0.94361746,-0.7957157,0.23424523,0.47172558,0.020795098,-0.0059804856,-1.5298728,-0.28844428,2.6139224,0.023217862,-0.7344991,0.4853528,0.19729508,0.31550986,2.0449815,-0.89323294,-0.1552791,-0.16906027,-0.1326725,0.4114492,0.216444,-0.017012814,-0.21360846,0.1011154,-0.08998454,-0.025329491,-0.012774023,-0.30837023,0.02512929,-0.11236366,-0.1397137,-0.2837612,-0.06725617,-0.28656268,2.7646089,-0.18772417,0.20005631,-0.118346624,0.14533561,-0.19464855,1.8850487,0.50902295,0.66402805,-0.88590384,-1.5368719,1.5537381,0.23150249,-0.43096974,0.37788588,0.2731966,0
-0.324983,-1.6632001,1.5365565,-0.44280452,-0.8027147,-0.27096054,0.5666137,-0.82541037,-1.4416355,-0.25519946,-1.3994746,1.5247769,-0.3302169,0.8980842,0.81795055,-1.4228218,0.2264976,-1.6506944,0.83309907,0.34894082,-0.8589124,0.036481135,-0.9536707,0.16223846,-0.0074636173,-0.8332432,-0.16350497,-1.0719922,-0.6522051,-0.8323818,-0.0106802005,0.043614347,1.0912179,-0.24960278,-0.23288982,1.1274407,0.72282636,-0.0012258479,-0.18431775,-0.4070015,0.3120723,-1.1506419,-1.1605204,-0.56603247,0.8452539,-0.2501084,2.13704,1.0368875,0.8191044,-0.2814999,0
1.1262851,-2.127647,2.2206986,-1.6206936,-0.6026552,0.23515587,0.5845532,-0.86943895,1.3205938,0.42093623,0.044156488,0.5729755,0.26597658,-1.4797144,0.12089289,-0.74825406,-1.3411351,-0.32664853,-0.44094405,0.5739106,0.22367892,-0.36313576,-0.10332545,0.4338981,0.77933854,-1.242099,-0.837484,-0.6928454,-0.15757331,-0.547029,-0.32346538,-0.40849417,0.12910807,-0.25402513,0.5334028,-0.2041623,-0.24614023,1.4537808,0.057382077,-0.39631692,-0.2228586,-1.819695,-0.15823013,0.43247056,-0.66875386,-0.22851783,1.5253191,0.45190936,1.0438612,-0.64747393,1
1.601171,-2.848374,-0.7798499,-1.4388772,0.14887701,0.63772047,0.3702835,-0.8550304,0.88447684,-0.83744365,-0.7692855,-1.2409621,-0.11986063,-0.32010576,-0.4815893,1.7172924,0.9235572,-0.7623477,1.2886345,0.88137746,0.78014845,1.1240641,-0.24059199,1.4701495,-0.06094648,-1.0760114,-0.44598603,-0.6221942,-0.72165924,-0.80671185,0.09867968,0.222234,-0.20989239,-0.2170451,0.50860393,0.72541326,0.604946,-0.07085324,-0.2709463,-0.32934618,-0.66071534,0.4066852,0.2315249,-0.47524875,-1.7995077,0.9524634,-1.1689458,-0.6782521,1.3578571,-0.8045912,1
0.45716965,-1.3821139,0.111776516,0.1902618,-0.13959432,-0.7735623,-0.48675582,-0.92378604,0.6740903,1.1248229,-0.81721896,0.25675824,0.30435896,-0.28926262,2.1432014,0.49149185,2.1369905,1.1333697,-0.61690193,-0.95462394,0.6818891,0.08703787,-0.46170738,-0.068578415,-0.5309863,-0.42175198,-0.34954587,0.09197958,0.4911699,-0.017043678,0.46236137,-0.08080464,0.26183778,-0.12988794,0.37924588,-0.38098598,0.52085775,1.1205655,2.5694761,0.4276832,0.86842644,-0.41644382,-0.8050948,-0.8148704,-3.764841,-0.24038264,-1.5435262,-0.19479354,0.9686154,0.012472502,0
1.2926462,-2.2614508,1.8190498,0.36295614,-1.5538691,-0.8603212,-0.16311833,1.4406271,1.3940392,1.8657312,-1.6858059,-0.5502384,-0.21324636,0.047980733,-1.0150214,0.51843077,0.27892122,2.1195478,0.9232692,1.089895,1.7043645,0.75583893,-0.37070978,1.0187167,-0.29530042,-0.9083152,-0.49921957,1.0985881,0.8872377,-0.9765396,-0.2317734,-0.076222904,0.10280001,-0.0372829,-0.1354255,0.2357818,0.7378637,2.1533635,1.9880848,-0.278144,-2.062023,0.13095246,1.1226649,-1.0363908,-0.76258814,-0.76445913,1.5527779,0.466251,0.30408376,-0.29687735,1
2.2507808,-2.7196279,-1.384937,-0.5621998,1.3372276,-0.14871818,1.7376167,0.9626762,1.9111588,0.9788518,0.44993404,-0.8718316,0.39319667,-0.22436719,-0.49998066,-0.71185607,0.5290055,-0.26612562,0.96759576,0.9783953,0.8582681,0.5151242,1.0252095,1.9748421,-0.38940328,-0.6002513,0.16157788,-0.47944853,-0.17855728,0.6129066,-0.5090559,0.69075185,-0.2655699,-0.09783088,3.9909396,0.8410695,0.012243699,-0.11025263,-0.017250601,-0.27523792,0.67365444,-1.3492323,0.7882945,-1.0189601,0.6359699,0.15331927,-0.16848776,-0.15921319,-1.7461922,-0.5187429,1
1.9223615,0.22593784,-0.15995945,0.4323267,0.11750815,-0.15112434,1.1159737,-0.6441795,0.33056286,0.11950679,0.7697859,1.2199124,0.9854216,-0.75845,-0.9757302,-1.4492121,-0.0015506406,0.018598737,0.21606587,-0.9601715,0.68450606,-0.74146354,0.5305943,1.3041577,0.031413633,0.358511,-0.13196369,0.07413178,0.22635841,0.027594313,0.37408304,-0.02249701,0.24575491,-0.2752315,1.3655252,0.05776281,-0.45649037,-0.40011576,0.08662737,1.9490199,0.041606095,1.0179145,-0.8508132,-0.55673736,-0.92163366,1.8818018,0.7583936,1.0010675,0.47377437,0.50377953,1
0.3493352,-2.816988,-1.583394,0.051214524,0.5599278,2.6782446,-0.8922949,0.28954926,1.9265536,0.1297057,1.009795,-0.63491315,0.49645588,-0.24077585,-1.6035863,-0.9561551,0.71276,1.2815924,0.06125278,0.02153546,0.38628224,0.03285159,0.6886593,0.07072703,0.6002924,-0.75197995,0.2445074,0.14372641,0.3507592,-0.23956111,-0.3281156,4.7879434,-0.1492071,1.0829766,5.2184224,0.30508605,-0.18901503,-0.3263175,-0.066040866,0.013637974,-0.461017,1.0212548,0.85087365,2.8361564,1.2558118,1.3021151,0.10038879,-0.14430249,2.744325,0.3304874,0
1.157812,-2.0696018,2.9214923,-0.12249666,-1.2120146,-0.42241198,1.162688,-0.31085604,-1.0869237,-1.2512871,-0.20255251,-0.3928125,0.89234364,-0.26359233,1.1645275,1.8790275,-1.3917183,-0.88107306,0.47365642,0.3660618,0.4354108,-0.019457152,0.014054544,0.9919764,0.52731043,-0.91349274,-0.032949705,-0.75897723,-0.4523265,-1.2364756,0.022304092,1.141221,-0.20792635,1.6435395,0.684225,-0.41969016,-0.034857128,3.2910764,0.5274703,-0.14839157,-0.49041387,1.854242,0.48227623,-0.56971985,-1.2940406,0.3647667,-1.4662741,-1.2011853,0.15359727,-1.3319595,1
0.73191977,-0.9235788,-3.1810002,0.3303413,0.59272665,-0.4133122,-0.7427349,-0.30001858,-0.100169465,0.30748624,-0.74291444,-0.5373457,0.30778748,0.24788566,0.45536536,0.43424442,-0.038444933,0.34092355,-1.7969751,0.22233012,0.6147188,0.23675907,-0.2854209,-0.32614735,-1.1158949,0.006341091,-0.12321678,-0.7186919,-0.06762506,0.17981066,-0.23195532,1.3122991,-0.17175129,-0.1690655,1.3142676,2.787184,0.028439874,-0.1193938,-0.14612494,-0.25247446,-0.8017417,-0.0770316,-0.6947767,1.5934358,-0.07068602,0.11944926,-1.7995536,1.3163978,-0.29696342,-0.15159243,0
2.254807,-1.0811955,0.40787122,-0.786191,0.9177837,-1.3502135,0.14856745,0.42643127,-1.0294715,2.62281,-1.3071096,-1.5611331,0.15579204,-0.033539765,-3.0800703,1.4770058,-0.6396082,1.2461222,-1.7697508,-0.16054848,2.0455172,0.011391129,-0.21651278,0.21781427,-0.84375036,-0.49911416,-0.41442993,-0.26321858,0.06452801,1.2972196,0.0957963,0.54959464,0.9613758,1.4436848,-0.37403455,0.04998229,1.2559301,2.2879624,0.01931035,-0.292719,0.20718937,-0.33693567,0.17038265,0.89724225,-1.1518906,0.8070892,2.0567186,0.9444853,0.6644084,1.4834313,1
2.5652866,-1.5384734,-0.7315824,-0.62646055,-0.8718354,0.08913236,0.8566706,-0.29463026,-1.1729828,-0.2785869,-2.282705,-0.1409546,-0.8778057,0.4819532,1.6810635,-0.53447735,-0.4124644,1.7370183,1.1112624,0.62337023,2.0875847,0.04607609,-0.62293106,2.1516113,-0.5493314,-0.9296174,-0.7090182,1.0567399,0.57245713,-0.7975735,0.13106678,-0.35047668,0.44449413,-0.012866573,0.005761429,0.344114,1.4293414,0.5571954,-0.32093245,-0.21353744,-0.39921606,-0.39645898,-1.7851151,0.06911815,1.9129455,-1.0788335,-1.0269164,1.3175792,0.32493657,1.9253913,1
1.5659914,0.8135829,1.3264971,-0.36216107,-0.34546497,-0.61396897,0.24612023,-0.103118815,1.7409881,0.3391309,-0.49845037,1.2441438,0.42915282,1.5977644,0.68764657,-1.2135556,0.05385875,1.9200206,-0.16381988,0.7247132,1.4001193,0.031976305,0.05083893,0.77401394,-0.08330801,-0.06483227,0.6552862,1.0744146,1.2943211,-0.019269222,0.17362784,0.05816384,0.9979486,0.16223152,1.0052938,-0.38944307,-0.031945802,0.81039685,0.95497,-0.16978116,0.48307854,-2.0662012,-0.37069008,-0.7859734,-0.23184684,0.14974387,-0.9271192,0.733882,-0.74534273,0.70446515,0
0.7421639,-0.30143225,-1.1631721,0.2659021,0.38920218,0.3381866,0.33321857,1.3681848,-1.4025145,-0.22740875,0.019787539,1.8243042,0.04580274,1.4454385,0.56155014,0.3616034,-0.86754435,-0.014975245,-1.2892507,1.3851806,0.39996922,0.41746292,0.6189553,-0.020458195,-0.2536984,0.13310997,0.844014,-0.35322112,0.7129917,0.027267395,-0.07465902,-0.1347978,-0.050559055,0.45998546,-0.22203177,0.88290656,-0.12741134,0.23661849,-0.26321065,0.18544486,0.9975557,-0.98221624,0.60613984,-1.9792463,1.8787692,0.75155234,-0.21094158,-1.2767106,-0.70799786,0.1470532,0
1.8812033,-0.1522696,-1.6147671,0.4481556,0.7314761,0.012579369,-0.43212456,-0.47376156,-2.2892618,-0.40245792,-0.23556663,-0.91303456,0.74554557,0.60994244,-0.021662246,1.6986969,0.5707221,0.14226228,0.55897725,-0.76978946,1.3248428,0.12606572,0.068613485,1.1188313,-0.535637,0.36425963,0.4737536,0.3139265,-0.25913426,0.26291192,0.09282154,0.093274534,0.17062734,1.7858258,-0.4588659,1.2419424,0.848625,-0.04064331,0.048718963,0.61676407,0.8088378,-0.46040043,-0.6197047,-1.9591509,1.712814,-2.654938,-0.5656666,-0.718339,0.88047385,0.26189527,1
3.093153,-1.7558173,0.8344826,1.2091188,0.8949871,-0.3146489,-0.3966676,1.3598046,-1.0706778,0.3813737,0.40789196,-0.050328262,-0.04295244,-0.013770466,-0.4669398,-0.3406437,1.608036,-0.50710034,0.6119863,-0.40271348,1.2309448,0.16218753,1.2297418,1.9298984,0.21182773,0.075855,0.080958836,-0.4466069,0.020316033,0.28633863,-0.08668195,-0.31976187,0.049033906,-0.08008681,0.022151047,-0.01727332,0.32382366,-0.23045103,0.6489739,0.8032149,-0.54771864,0.86127317,-0.11176669,-1.0014943,-0.49725696,0.21362247,0.1990639,-0.66767025,0.40844446,-2.0734093,1
2.3762796,-0.10432893,-0.49055675,-0.25514773,0.82889587,0.1626305,-1.5199268,1.3907126,-0.17911401,-0.755461,-0.45981297,-0.8796198,-0.33405778,-0.76726526,-2.765752,-1.310651,1.2691236,-1.6220636,-0.6873763,-1.2993215,0.13139631,-0.65679955,0.51620203,0.5317225,-0.160057,-0.026260037,-0.62786686,-0.9153339,-0.5927455,0.049855206,-0.35894883,0.90719664,-0.19487731,-0.23832405,1.8516822,1.2029074,-0.029484833,0.30023903,-0.15259004,1.4661434,-0.31841326,-0.18934597,-0.2678515,-1.2139717,-1.237514,1.9524235,-1.7555784,-2.0688007,0.050888386,0.072179146,1
0.40317118,-0.958449,0.8359903,1.263387,0.31873915,-0.20176975,-0.6348461,0.43451628,-0.17646264,-0.25136566,0.57558644,-0.5258406,-0.13161756,1.4699355,1.1413246,1.024991,1.9413699,0.49976328,-0.9722709,-0.47101104,0.5595215,0.44226313,0.4677967,-0.14994128,0.28190413,0.30374178,1.0422269,-0.32880887,0.12369944,-0.08059272,0.05060585,-0.108938634,-0.0077376277,0.45157674,-0.118680224,0.1068639,-0.048673682,0.5277881,1.9331925,0.3839901,0.20890701,-1.5160133,1.6102688,0.27247843,-1.1663833,0.6430624,0.117866635,-1.0885003,0.90122366,1.2833693,0
1.2832515,-1.9724941,1.0947138,0.2993568,0.5948294,0.7534737,-0.24494329,0.42117727,0.32332206,-0.18316297,-0.58085924,1.0512484,-0.04315909,-0.010575922,-0.3353401,3.2014213,-0.84154284,0.6768077,-0.5995761,0.054078244,1.5655661,0.47961926,0.11695704,0.33427888,0.6617967,-0.4280347,-0.26018742,-0.20490111,0.77295244,-0.15409537,-0.104470566,-0.2587506,-0.030849611,0.9655983,-0.33557218,-0.0072990456,0.79559505,4.345897,0.16549174,-0.05031587,0.51625997,0.41901115,-0.11845472,0.1576814,1.2658852,2.2113836,1.3001492,-0.56277055,2.8370707,-0.52005285,1
0.8587425,0.2856884,-2.2861364,0.036204275,1.4019111,0.8361664,-0.6483376,-0.038979497,-0.48155954,-1.6456841,0.1756298,-0.10737611,-1.1399555,0.12773986,-1.8235723,-1.6878198,-0.09460023,1.3043586,0.14056715,-0.45979548,0.61191523,-0.6532797,0.17115423,0.37531334,-0.41619188,0.38936177,-0.08163821,0.7691587,0.46441293,-0.016231587,1.4281813,1.3745942,-0.17990299,-0.48910186,2.12263,1.7239457,0.2874927,-0.1244086,-0.14911102,0.13966471,-0.17081282,1.7984772,-0.7232436,0.5320341,0.46054837,0.06406225,0.31500402,-0.0794127,1.9425197,-0.38272122,0
1.0270935,0.33609998,-2.333348,-1.500097,-2.0376897,-0.26616058,1.0836308,-2.461249,-1.9690129,-1.6124626,-0.9243469,-0.19121553,0.14917882,-0.02446339,-1.6064756,0.28103065,1.1386232,-0.72582877,0.35872984,0.67920995,0.27524582,0.81904966,-0.67286485,0.7869049,-0.9345195,-1.101235,-0.29919213,-0.15810314,-0.7070027,-1.1041869,0.013443561,0.56079596,0.32252476,0.1147652,-0.25121132,3.6542358,-0.15728234,-0.19592914,-0.10719743,1.4533389,-0.39733967,0.8965735,-0.24252798,-0.65615296,1.047752,-0.73630196,1.233637,1.0177726,0.64367837,0.9916869,0
1.9438654,-0.32247883,0.53486097,-0.8578787,0.40761948,-0.071886554,1.3310691,0.4630301,2.6715126,0.05951483,0.8342788,-0.4254236,0.010256795,-0.66542435,1.1566528,0.40202546,2.1519635,-0.2137171,1.7900547,-0.010874268,0.9605581,0.81066346,0.95451516,2.039962,0.27834982,-0.39620882,-0.19450116,0.393104,-0.14962897,0.123481356,-0.015531462,-0.086381935,-0.2327278,-0.0887886,2.5131114,-0.25378102,-0.021773191,-0.31178162,0.75589734,1.2119365,0.25599846,1.2047079,0.5008467,-1.3682936,-1.5351393,-0.8758557,-0.054276444,0.71515304,0.34431818,1.0455835,1
1.0651754,-1.1516225,-1.3793602,0.36835733,-1.2483618,0.9624077,1.4427255,-0.41935495,1.8051754,-0.027735867,-0.7396942,1.7285123,1.5962144,-0.01266125,-0.7894229,1.7150536,0.7988045,1.1889766,-0.48611435,1.1528537,1.3530998,1.1212015,-0.31793568,0.6165699,-0.23788793,-0.4818787,0.093979426,0.09916858,1.0278398,-0.79324406,-0.061682347,0.7448016,0.04157767,-0.4153402,1.0782351,-0.21193,-0.26646507,1.1996486,0.07145402,0.037127767,-1.1909688,1.7996527,0.1771923,-0.67699265,-1.5684608,-1.5689576,-0.34063286,-0.14719552,-0.48157123,0.70694447,0
1.9744005,-0.25684303,-1.3248913,-0.4368209,1.2721356,0.7373677,0.7810227,0.9587447,-1.1376635,0.36106142,-1.0089531,-2.332344,0.56387645,0.20753188,-0.8122396,0.8075587,0.8626347,0.24272923,0.93417865,2.414131,1.303881,1.8561469,0.04630028,1.5893935,-0.30508894,-0.04021006,-0.13629404,0.35441992,-0.30610842,0.79019743,-0.30202147,1.2327724,1.2007215,0.2701816,0.05289719,1.650288,0.5718839,-0.29628864,-0.16775383,0.14241903,0.5772714,0.26085418,-2.792547,-1.7119839,-0.82485694,-0.010121532,0.51108336,-0.34696162,0.41379032,-0.7830157,0
1.849529,-2.7200959,-1.4013368,-1.5282774,-2.7388773,0.74626505,1.3915923,0.94113743,1.1084996,-0.6472919,-1.9322182,-0.77994365,-0.76583487,-0.0833643,-0.1503302,0.17656298,1.3512532,-0.67421633,-0.035515387,-0.07184439,0.5191958,0.38123524,-0.5429199,1.166572,-0.47818694,-1.7234794,-0.8322789,-0.8309929,-0.27734748,-1.9196697,-0.22981736,1.1325002,-0.08043182,-0.2750199,1.0669154,0.7508611,-0.22362638,-0.095801316,-0.1565818,-0.4596173,-3.107577,-0.36291364,-1.4345549,-1.1170878,1.0033575,-1.601776,1.0059998,0.45947665,2.0217874,0.9061374,1
1.2644358,0.48809087,0.073287904,-0.3155233,-1.1127858,-0.48259172,-1.4110528,0.31424704,-2.8213985,-1.6895381,-0.6728107,0.6876303,0.70176744,0.6206987,0.40041327,0.5552811,0.4469845,0.6902342,1.2156764,2.4469054,1.0505769,1.5166755,-0.03929198,0.9538436,-0.43457016,-0.24882771,0.24585111,0.828857,0.51202244,-0.7860305,0.44024208,-0.16978371,0.841267,1.4738344,0.17162946,0.05944397,0.25087905,0.64550877,0.24848129,0.3648955,2.3955295,-0.84677315,-0.3559349,0.47075456,1.1914346,0.97982794,0.60424507,2.5117939,0.68289924,2.0509768,0
2.6221323,-0.93138593,-0.47513482,-0.3906548,-1.4165962,-1.0726165,-1.2104527,-2.0642586,0.5695396,1.7856269,2.027193,1.7179611,-0.21729226,0.5498112,-0.22789936,-3.3883007,-0.9267979,-0.86627585,-1.0843347,-0.83615345,0.157176,-1.2345027,0.5148245,0.5550094,-0.28182483,-0.82989705,1.0433942,-0.80212104,-0.37239403,-0.634362,0.5641277,-0.23929967,-0.20256017,-0.32006145,2.0417426,0.4229534,-0.17231743,-0.4926089,0.8687948,1.0636309,-0.2561671,0.751673,1.042844,0.21190281,-0.9824351,-0.76820874,0.5096747,-0.06840989,-0.38451725,0.6831141,1
1.5040458,0.31941235,0.8846819,-0.7445437,0.17656226,-0.19232562,-0.16157582,-1.0055194,0.38430855,-0.7976927,1.9861963,-1.5574249,-0.20567156,1.647277,-0.6367098,-1.2366139,1.6898332,-1.0077316,0.5776026,-0.33256093,-0.010813881,0.10408291,0.76067954,0.9417866,0.50878173,-0.26082665,1.9073161,-0.40128073,-0.88243014,-0.06833502,0.12509634,0.2592849,-0.0195098,0.38694522,0.355517,0.8834995,-0.35972157,-0.22868161,0.21240525,3.3783371,0.8422458,-0.38751236,0.25829992,1.0142885,0.84396005,-1.8753169,-0.22456798,-0.60378903,-0.30487868,-0.6119427,0
0.9674301,-0.12340033,-1.8288836,-0.110657066,1.0817529,0.52834386,-0.8149391,-0.81119645,0.97875863,-0.4684607,0.47792956,0.77282083,-1.010224,0.8914341,-0.22610086,0.6458707,-0.13909793,0.023129009,1.097282,1.2031865,0.6128563,0.52382535,0.16167279,0.7380379,-0.28011364,0.11459958,0.40442133,0.3313883,0.05293896,0.3000729,0.04509771,-0.23427008,-0.14200409,0.22880892,1.2143106,0.18281573,0.7295115,-0.22359708,-0.5516082,-0.630947,-0.05706986,-0.022409003,0.6351198,2.7073185,0.3943038,2.9054575,0.21931893,-0.16435388,2.4474604,0.39567465,0
2.2127712,-1.9375229,-2.9594693,0.25507817,0.7000774,-1.1622015,-1.9288688,-1.4021732,-1.0486503,-0.78562725,-0.07769628,1.0216734,0.6246126,-0.2564545,-1.2422196,-1.0123075,-0.52522326,-0.9665438,-0.22119999,0.43479392,0.42104092,-0.034428924,0.030364987,0.6938863,-1.0775526,-0.4396895,-0.123911254,-0.8606072,-0.4476546,-0.2816966,0.02896372,-0.2163747,0.057470996,-0.35793516,1.1663017,3.6350818,0.50808257,-0.2004742,-0.20806669,0.025567438,-0.85930914,-0.33648267,0.2985499,-0.55915636,1.0655733,0.87375516,-0.6839544,0.32374364,-0.3559191,-0.3962367,1
1.3357491,-0.68761605,-0.5467427,-0.88028705,0.30697122,-2.2200868,-0.9826069,-0.23913954,2.5165741,-0.8359186,-0.8372377,-1.0724549,-0.18746743,0.11622979,0.63947344,-0.5309636,0.26486993,1.0660279,-1.4389888,0.46109357,0.988467,0.29839697,-0.16114359,-0.15009436,-1.4069422,-0.56374973,-0.19512562,-0.23571631,0.09959045,-0.22229052,-0.039048325,0.1635282,-0.17210232,-0.034296915,2.5377724,0.24721992,-0.10051931,0.42340183,0.45230088,0.24827777,0.7322224,-0.09061757,0.44373205,-2.1765907,0.9280569,0.15229711,0.17712338,0.5489891,-0.742958,-0.92751974,0
1.4230534,-1.6348624,-0.5909152,1.657269,-0.9669147,0.10871679,0.18920986,-0.26021683,1.5205097,1.4592036,-0.8364861,-0.65022594,-0.9030879,-0.55644876,-1.2743624,-1.4512099,1.2837974,-0.6741507,-0.24221256,1.1522025,0.11413133,0.7506799,-0.17926241,0.58536106,-0.3742054,-0.11475803,-0.6778434,-0.82807887,-0.42648295,-0.47504422,0.053578112,0.644701,0.078139916,0.33802366,1.1217593,0.58471817,-0.23217337,-0.13712715,-0.3138841,1.0533774,0.9655844,0.53421545,0.07209979,0.9884773,-0.21760471,-0.51707566,1.0600991,0.5220685,1.9581274,0.4274115,0
1.8196633,-2.13662,-0.50173664,0.4461322,-0.6603981,-1.4720536,-1.8572217,-0.001882892,1.2610767,-1.1422883,2.2497227,0.39558208,-0.45556006,1.4364733,1.7895849,-0.35570854,1.6082877,0.5175773,-0.13147466,-0.92233056,1.1162764,-0.23230992,1.5129827,0.47559386,-0.38780895,-0.570975,1.744779,-0.20380163,0.3066439,-1.0687041,1.550823,-0.13103169,0.6042387,0.25986463,1.1545832,-0.084758274,-0.036607105,-0.0055672084,4.5804267,0.8451743,-0.6043773,0.20683274,-1.2421545,-1.3731351,-0.515709,-0.020946097,-0.2911043,0.48342165,-0.03377135,0.7484672,1
2.976597,-0.23511589,1.1821725,0.19947304,-0.89459455,0.61258656,0.007372763,0.12634799,-0.77856845,2.0207222,0.6791973,0.036724932,-0.46354708,0.101617396,0.3090915,-0.8058634,-0.6614851,-0.3596147,0.6099797,1.7323112,1.0436782,0.30685958,1.0704452,1.8992548,0.9608116,-0.13033076,0.16069174,-0.07015223,-0.1192454,-0.01551043,-0.25585604,-0.36957708,0.7663923,0.45883402,-0.25632873,-0.3340633,-0.27909723,0.045601413,0.011544902,-0.06483826,-0.52866197,-0.9459519,-0.98177445,0.964306,1.2203373,1.46368,0.67518854,-0.57160306,-0.15652357,0.6867084,1
3.4207375,-1.8957665,1.3932014,0.5125376,-1.2170529,0.7015421,2.3610156,1.6011024,-0.11374038,-0.7138949,0.5774469,-1.6045922,0.39673677,-0.5484865,-1.1098838,-0.81410456,-0.29268312,-2.6903412,0.98538154,0.04438915,-0.17434497,-0.20095456,1.5196663,2.751613,1.04668,-0.624871,-0.070238665,-1.7327516,-0.8593365,-1.2251518,0.70150125,-0.25324962,-0.3166622,-0.26601386,0.008945881,-0.051615678,-0.0074639474,0.23661374,-0.40452194,0.9216511,0.5029562,1.27938,0.013032226,0.9314789,-1.7216953,-1.4287053,-0.74811715,-1.274664,-0.6205288,-0.8463808,1
1.2554572,-0.14369094,1.4769089,1.2823751,1.0400845,-0.24759312,1.5912741,-0.68634367,-1.4594607,-1.5073062,-1.6952217,-0.6896655,-0.64167625,-0.27721784,-0.76555437,-0.5893609,0.611581,0.72139215,-0.48358175,-0.046515927,0.8784878,0.099432476,-0.6498362,0.7392975,-0.049087435,0.8492215,-0.7692037,0.18267095,0.0022382673,-0.07174546,-0.12149281,-0.21431975,2.6053884,-0.16934218,-0.3877269,0.92278177,0.61161864,0.3475562,-0.33425876,0.47851905,0.509011,0.28618073,-1.1833237,-0.59922385,0.15486248,-0.63033,0.16237867,-0.28614336,-0.483726,0.011000494,1
2.5530927,-1.5593467,0.7374531,0.8992268,2.9761105,0.7756006,0.5865607,-1.4229841,0.18826221,0.11074169,0.45508757,-0.27902645,-0.34594047,0.21156666,-0.24736373,0.6596828,-0.42042753,-0.5452245,0.45727497,0.10959364,1.0596993,0.05976856,0.28721952,1.7080475,0.68667895,0.40528485,0.24800533,-0.45780098,-0.5436262,1.2533003,-0.3613157,-0.329758,0.79403645,0.12138838,0.43288797,0.34842807,1.2633735,-0.27509555,-0.31835607,-0.048049904,0.28445187,1.8991873,-1.0930163,1.340804,0.4550005,-1.5772299,0.050167646,-1.1067907,-0.35262713,0.70636356,1
2.1458588,-1.6338284,0.64159584,0.14255607,0.9249049,0.05888708,-0.3270349,0.5075194,-1.9874954,0.9351912,-0.18405262,0.59750396,1.5620372,0.3852664,0.8233713,-0.494968,0.50473005,1.1608952,0.7556499,-0.77659786,1.5609853,-0.2888068,0.39251062,1.3957072,0.26597902,-0.25944644,0.4728068,0.52312064,0.78320616,0.48203078,0.637693,-0.2717504,1.3052431,-0.113401115,-0.06125075,0.07345546,1.057918,0.24259205,1.5373127,0.15547273,0.9670459,-0.07161383,1.0031607,1.0267906,-0.22048298,-1.3910515,0.42196685,-0.055574488,-2.3072975,-1.7132535,1
0.5829805,-2.4941506,1.9338948,-0.105929375,-0.11314559,-0.45188722,1.0430996,1.514719,0.13049076,0.08064785,-1.56515,0.30904785,1.0254997,-0.29595718,0.68981284,-0.9301688,-1.3699266,1.4410977,-0.71188426,-1.4601233,0.682691,-1.1115421,-0.49775517,0.2632553,-0.077843495,-0.7499971,-0.3753789,-0.09747695,0.90129435,-0.6167634,-0.31583467,-0.25158137,0.14655381,-0.4464352,-0.032644916,-0.30398414,0.6660899,1.3853452,0.7022584,-0.106638946,-1.2250887,-1.3785615,-1.0698166,0.48629227,-2.9832616,-3.313237,0.36769602,-1.5601312,-0.101282015,-0.5174263,1
0.7817972,-0.3184836,-1.8829278,-1.1594968,-0.66981435,-0.49288857,0.5596393,-1.3150795,-1.480104,-1.0470079,2.1242805,0.005450513,-1.1189568,-1.2323297,-1.8753651,0.24809785,-0.6124287,1.0783838,-1.3642892,-0.42967495,0.8263875,-0.41245043,0.5832737,-0.058241382,-0.19964844,-0.9403854,-0.65840983,0.0017114192,0.22226192,-0.6679451,0.77116036,0.45752046,-0.1939522,1.062472,-0.09771,0.44851607,-0.054616027,1.0830542,0.3263919,0.4064848,-0.49176967,0.8039926,-0.35404384,0.76175547,-0.20406315,-2.1024282,0.022119725,0.5053965,1.064014,0.08674227,0
2.447606,0.4472077,0.23851706,2.344128,0.9455453,0.17856473,-2.6044838,0.6305599,-0.31610405,-0.20988394,0.45632333,-0.131455,-0.2947396,0.48394722,-0.24728668,0.43752024,-1.7010758,0.7866469,-0.27035692,0.9674158,1.7181258,0.006327501,0.92376655,0.656974,0.21834107,1.5265862,0.40140593,0.4328099,0.40610823,0.53145117,-0.28783777,-0.22729686,-0.10984249,1.5828477,-0.04129515,-0.32801238,0.3887625,0.41037732,0.29331487,-0.054048304,0.9942572,-0.29410988,-1.7459452,-0.60324806,0.50984436,-0.74495924,-0.66680473,0.13543174,-0.1064269,-1.0981554,1
1.9699725,-1.0910752,0.77907676,0.026528647,-0.5907279,0.13158152,-0.029860498,0.5572383,-1.2128061,-0.2928024,0.3596258,-1.0330871,0.077836,0.4025151,0.9818616,0.9015181,1.2662421,0.15473796,-0.95822096,-2.3639927,1.2506071,-0.8622298,0.7217304,0.4728036,0.42859697,-0.37300196,0.31517163,-0.36138767,-0.12328454,-0.5677175,0.0040095886,-0.19828512,-0.15007752,0.6802463,-0.18245439,-0.015730524,-0.29740137,0.6078054,0.89846283,0.42373532,-1.2981244,0.5264384,0.3850955,0.05913104,-2.9327073,0.4063046,0.75657976,0.70898044,-0.098757744,-1.5933738,1
0.78214765,-0.24949574,-0.9193675,-1.3071115,-0.3773857,-0.40931973,1.3136412,-0.2702553,2.2115016,-1.0820473,0.18042064,-0.19618018,-0.50705725,0.03847544,-0.4075199,-0.69156176,-0.052206714,0.93044764,0.47513628,-0.00852574,0.6372377,-0.07242534,0.19921342,0.7594553,-0.42597148,-0.76417077,-0.020823346,0.54271334,0.28838515,-0.4923921,0.51604396,0.6192034,-0.36655766,-0.34860766,2.2260907,0.00640495,-0.08962341,-0.36679882,-0.07008549,-0.14307858,-1.3036526,0.22669828,-1.8507335,0.37910113,0.4853433,-0.8673071,0.61599386,-1.183985,-0.6015144,-1.6734186,0
0.9348479,-0.48770386,-0.5850606,0.86382616,-0.033705723,-0.913454,0.7188847,-1.2929184,2.446818,1.0500056,0.73750234,-1.0270945,0.8955096,-0.1544271,-1.6587656,-1.9298599,1.6112907,0.5897129,-0.5258802,0.80623996,0.18824749,0.5712168,0.16243844,0.37436423,-0.4994353,0.2853746,0.34821147,-0.0020572322,-0.24229464,0.18906079,-0.29085562,2.1431026,0.58802855,0.011220696,2.5862508,0.80338454,-0.22416766,-0.19838338,0.5288196,4.6258407,-0.6260541,-1.5382239,0.866663,0.7225367,0.85881174,-0.38341668,-0.9795417,-1.6269397,1.859366,0.47404632,0
1.2529205,-2.3049645,1.3333958,0.73726743,-2.1096008,0.14479217,-0.057801656,0.26385033,0.49741456,-1.5878342,-0.047721636,-0.61331856,-0.19770028,0.5918246,0.10065369,0.256449,-1.180019,1.4858878,-0.64201236,0.5294628,1.2561189,-0.08654129,0.22388557,0.3913315,0.46589786,-0.96164334,0.28721598,-0.026750168,0.43920356,-1.6453555,-0.35242033,-0.24436067,-0.24559174,0.15615447,-0.26204404,-0.23136535,-0.25377873,2.470151,0.7241867,-0.16514316,0.09642635,2.607707,-1.1545368,-0.57012427,-0.14787807,1.2088296,2.6877966,0.74729484,0.0013672963,-0.28336096,1
0.7411542,-0.98780215,-0.79233766,-0.44874427,0.7561228,0.59176344,-0.50608826,0.1986053,-0.4245551,-0.22258139,-0.8208057,-0.6027573,0.19358806,-0.23503847,-1.0156622,0.7780455,-0.7978611,1.1009836,-0.64829487,1.5039753,0.8993019,0.47337326,-0.2072963,-0.0035060083,-0.10269052,-0.36557007,-0.2759859,0.12268024,0.25316855,0.077402264,-0.1542071,0.59859025,0.55496997,0.08837421,0.21265988,0.30319622,0.3920124,0.8099434,-0.37571004,-0.4429882,0.96026635,0.6171237,-0.18131778,-0.9431238,0.009437634,-0.7234456,0.043962087,0.4207644,0.7300264,-1.6757208,0
2.7450821,-0.8501077,1.083587,-1.1651284,0.434853,0.4785877,-0.18178934,0.027253248,-1.4472561,-1.2574446,0.87790453,-1.7393397,-0.35002548,-0.7071703,0.98624814,-1.2084192,-1.1039256,0.604899,-0.57102966,1.8641435,1.4712689,0.12212936,0.9838724,1.0254191,0.69136715,-0.69041234,-0.24632856,-0.04714746,-0.24753791,-0.523983,-0.23875238,-0.09680113,0.27352798,0.48168606,0.09516072,0.2616214,-0.21455255,0.15313658,-0.2854365,-0.01633142,1.784841,-0.114651114,0.1220547,-0.17942025,1.020715,-0.0065013594,-0.017700845,0.20538852,-1.3263694,-0.033972785,1
